symbol,direction,entry_time,entry_price,exit_price,net_profit,result,exit_time,rsi_entry,score,h4_trend,allowed_direction,layers
BTCUSDm,BUY,2026-02-11 02:10:00,68887.98,68983.8114285714,2.8640000000000003,TP,2026-02-11 02:15:00,46.14,9,N/A,BOTH,3
BTCUSDm,SELL,2026-02-11 02:00:00,69034.26,68835.95142857141,5.944,TP,2026-02-11 02:40:00,53.96,5,N/A,BOTH,1
BTCUSDm,SELL,2026-02-11 02:05:00,69032.54,68601.5914285714,12.924,TP,2026-02-11 02:45:00,53.98,5,N/A,BOTH,2
BTCUSDm,SELL,2026-02-11 02:15:00,68974.11,68427.02142857142,16.404,TP,2026-02-11 03:15:00,50.69,5,N/A,BOTH,3
BTCUSDm,SELL,2026-02-11 09:00:00,66987.72,66811.75428571427,5.274,TP,2026-02-11 09:05:00,50.33,5,N/A,BOTH,1
BTCUSDm,SELL,2026-02-11 10:25:00,66834.41,66549.3542857143,8.544,TP,2026-02-11 10:35:00,50.26,5,N/A,BOTH,1
BTCUSDm,BUY,2026-02-12 02:20:00,67482.66,67473.33357142856,-0.28600000000000003,SL,2026-02-12 02:25:00,48.51,5,N/A,BOTH,1
BTCUSDm,SELL,2026-02-12 02:45:00,67696.57,67434.28571428571,7.864,TP,2026-02-12 02:55:00,56.92,5,N/A,BOTH,1
BTCUSDm,BUY,2026-02-12 02:50:00,67531.94,67497.47285714286,-1.036,SL,2026-02-12 02:55:00,49.11,5,N/A,BOTH,2
BTCUSDm,BUY,2026-02-12 03:30:00,67401.32,67395.14642857143,-0.196,SL,2026-02-12 03:35:00,45.98,5,N/A,BOTH,1
BTCUSDm,BUY,2026-02-12 03:45:00,67440.1,67596.0828571429,4.6739999999999995,TP,2026-02-12 04:10:00,48.23,5,N/A,BOTH,1
BTCUSDm,SELL,2026-02-12 03:55:00,67523.21,67623.63,-3.0159999999999996,SL,2026-02-12 04:10:00,53.18,5,N/A,BOTH,3
BTCUSDm,BUY,2026-02-12 03:50:00,67465.17,67368.32714285713,-2.916,SL,2026-02-12 04:15:00,49.8,5,N/A,BOTH,2
BTCUSDm,SELL,2026-02-12 07:20:00,67165.17,67251.62785714286,-2.5959999999999996,SL,2026-02-12 07:25:00,54.62,6,N/A,BOTH,1
BTCUSDm,SELL,2026-02-12 07:35:00,67155.09,67232.61642857143,-2.336,SL,2026-02-12 08:00:00,53.8,5,N/A,BOTH,1
BTCUSDm,SELL,2026-02-12 07:45:00,67097.99,67223.24785714285,-3.7659999999999996,SL,2026-02-12 08:00:00,50.32,5,N/A,BOTH,3
BTCUSDm,SELL,2026-02-12 08:10:00,67195.79,67099.72714285714,2.874,TP,2026-02-12 08:15:00,54.97,5,N/A,BOTH,2
BTCUSDm,BUY,2026-02-12 07:40:00,67074.69,66944.44285714284,-3.916,SL,2026-02-12 08:25:00,48.71,5,N/A,BOTH,2
BTCUSDm,BUY,2026-02-12 09:05:00,67011.45,67205.48,5.814,TP,2026-02-12 09:15:00,47.5,5,N/A,BOTH,3
BTCUSDm,SELL,2026-02-12 08:50:00,67051.08,67222.275,-5.146,SL,2026-02-12 09:20:00,50.3,5,N/A,BOTH,1
BTCUSDm,SELL,2026-02-12 08:55:00,67078.87,67222.87928571428,-4.3260000000000005,SL,2026-02-12 09:20:00,51.84,5,N/A,BOTH,2
BTCUSDm,SELL,2026-02-13 03:15:00,66541.53,66493.30857142858,1.444,TP,2026-02-13 03:20:00,56.5,5,N/A,BOTH,1
BTCUSDm,SELL,2026-02-13 03:20:00,66501.75,66651.04285714285,-4.486000000000001,SL,2026-02-13 03:30:00,54.36,5,N/A,BOTH,1
BTCUSDm,SELL,2026-02-13 03:25:00,66617.61,66664.78642857142,-1.426,SL,2026-02-13 03:30:00,59.42,5,N/A,BOTH,2
BTCUSDm,SELL,2026-02-13 03:40:00,66580.53,66444.57142857145,4.074,TP,2026-02-13 03:50:00,56.07,5,N/A,BOTH,1
BTCUSDm,SELL,2026-02-13 03:50:00,66514.63,66153.13,10.834,TP,2026-02-13 05:55:00,52.29,5,N/A,BOTH,2
BTCUSDm,SELL,2026-02-13 03:45:00,66483.9,66051.95714285714,12.954,TP,2026-02-13 06:20:00,50.78,5,N/A,BOTH,2
BTCUSDm,SELL,2026-02-13 03:55:00,66497.36,66093.53714285714,12.104,TP,2026-02-13 06:20:00,51.35,5,N/A,BOTH,3
BTCUSDm,SELL,2026-02-13 06:55:00,66310.88,66315.55285714286,-0.14600000000000002,SL,2026-02-13 07:00:00,55.95,6,N/A,BOTH,1
BTCUSDm,SELL,2026-02-13 07:30:00,66297.13,66229.24714285714,2.0340000000000003,TP,2026-02-13 07:35:00,50.56,6,N/A,BOTH,1
BTCUSDm,SELL,2026-02-13 08:25:00,66348.43,66449.68571428572,-3.046,SL,2026-02-13 08:35:00,54.87,10,N/A,BOTH,1
BTCUSDm,SELL,2026-02-13 08:30:00,66395.27,66452.47785714286,-1.726,SL,2026-02-13 08:35:00,56.93,9,N/A,BOTH,2
BTCUSDm,BUY,2026-02-14 02:05:00,68928.37,68862.59071428572,-1.976,SL,2026-02-14 02:20:00,48.91,5,N/A,BOTH,1
BTCUSDm,BUY,2026-02-14 02:15:00,68916.02,68875.63857142857,-1.216,SL,2026-02-14 02:20:00,47.65,5,N/A,BOTH,2
BTCUSDm,BUY,2026-02-14 02:40:00,68915.47,68895.64571428571,-0.596,SL,2026-02-14 02:45:00,49.48,5,N/A,BOTH,1
BTCUSDm,BUY,2026-02-14 03:10:00,68859.95,68848.8057142857,-0.336,SL,2026-02-14 03:15:00,45.31,5,N/A,BOTH,1
BTCUSDm,BUY,2026-02-14 03:45:00,68890.13,68800.3907142857,-2.6959999999999997,SL,2026-02-14 04:40:00,49.8,5,N/A,BOTH,1
BTCUSDm,BUY,2026-02-14 04:05:00,68856.14,68812.03714285714,-1.326,SL,2026-02-14 04:40:00,44.49,5,N/A,BOTH,2
BTCUSDm,BUY,2026-02-14 04:10:00,68851.33,68819.03785714286,-0.976,SL,2026-02-14 04:40:00,43.89,5,N/A,BOTH,3
BTCUSDm,BUY,2026-02-14 05:25:00,68831.55,68829.41785714285,-0.066,SL,2026-02-14 05:30:00,47.95,5,N/A,BOTH,1
BTCUSDm,BUY,2026-02-14 05:45:00,68796.33,68779.70785714286,-0.506,SL,2026-02-14 05:50:00,44.99,5,N/A,BOTH,1
BTCUSDm,BUY,2026-02-14 06:00:00,68762.29,68711.33071428572,-1.536,SL,2026-02-14 06:05:00,42.18,5,N/A,BOTH,1
BTCUSDm,BUY,2026-02-14 06:20:00,68782.94,68942.1085714286,4.774,TP,2026-02-14 07:30:00,47.73,5,N/A,BOTH,1
BTCUSDm,BUY,2026-02-15 02:20:00,69397.07,69370.01999999999,-0.8160000000000001,SL,2026-02-15 02:25:00,38.85,6,N/A,BOTH,1
BTCUSDm,SELL,2026-02-15 06:20:00,70339.25,70412.61571428573,-2.206,SL,2026-02-15 06:25:00,60.58,6,N/A,BOTH,1
BTCUSDm,BUY,2026-02-15 08:25:00,70529.4,70451.75714285715,-2.336,SL,2026-02-15 08:30:00,49.58,6,N/A,BOTH,1
BTCUSDm,SELL,2026-02-15 09:05:00,70601.64,70615.40428571429,-0.416,SL,2026-02-15 09:10:00,56.05,5,N/A,BOTH,1
BTCUSDm,SELL,2026-02-15 09:20:00,70529.6,70581.94142857143,-1.576,SL,2026-02-15 09:25:00,52.41,5,N/A,BOTH,1
BTCUSDm,BUY,2026-02-15 10:20:00,70377.98,70318.24285714285,-1.796,SL,2026-02-15 10:30:00,47.02,5,N/A,BOTH,1
BTCUSDm,BUY,2026-02-15 10:25:00,70398.28,70325.2007142857,-2.1959999999999997,SL,2026-02-15 10:30:00,48.33,5,N/A,BOTH,2
BTCUSDm,SELL,2026-02-15 10:45:00,70454.88,70387.82,2.004,TP,2026-02-15 10:55:00,52.76,5,N/A,BOTH,2
BTCUSDm,SELL,2026-02-15 10:50:00,70472.17,70449.47428571428,0.674,TP,2026-02-15 10:55:00,53.75,5,N/A,BOTH,3
BTCUSDm,SELL,2026-02-15 10:40:00,70427.69,70500.46571428572,-2.186,SL,2026-02-15 11:05:00,51.16,5,N/A,BOTH,1
BTCUSDm,BUY,2026-02-15 10:55:00,70386.36,70307.55785714285,-2.3659999999999997,SL,2026-02-15 11:30:00,48.31,5,N/A,BOTH,2
BTCUSDm,SELL,2026-02-16 03:55:00,68383.36,68399.41928571428,-0.486,SL,2026-02-16 04:00:00,50.01,6,N/A,BOTH,1
BTCUSDm,SELL,2026-02-16 06:30:00,68428.72,68448.16,-0.586,SL,2026-02-16 06:35:00,50.99,6,N/A,BOTH,1
BTCUSDm,SELL,2026-02-16 08:10:00,68505.6,68509.3342857143,-0.116,SL,2026-02-16 08:15:00,51.48,7,N/A,BOTH,1
BTCUSDm,BUY,2026-02-16 10:25:00,68756.7,68746.31357142857,-0.316,SL,2026-02-16 10:30:00,46.47,6,N/A,BOTH,1
BTCUSDm,BUY,2026-02-16 10:40:00,68743.56,68739.16285714286,-0.136,SL,2026-02-16 10:45:00,46.13,6,N/A,BOTH,1
BTCUSDm,BUY,2026-02-17 02:05:00,68735.13,69094.49714285717,10.774,TP,2026-02-17 02:10:00,48.69,6,N/A,BOTH,1
BTCUSDm,BUY,2026-02-17 02:55:00,68795.62,68662.50857142857,-3.996,SL,2026-02-17 03:00:00,47.17,9,N/A,BOTH,1
BTCUSDm,BUY,2026-02-17 05:10:00,68313.45,68303.60142857143,-0.306,SL,2026-02-17 05:15:00,38.61,5,N/A,BOTH,1
BTCUSDm,SELL,2026-02-17 07:40:00,68368.59,68400.37357142857,-0.956,SL,2026-02-17 07:45:00,53.76,6,N/A,BOTH,1
BTCUSDm,SELL,2026-02-17 07:55:00,68350.0,68403.41,-1.606,SL,2026-02-17 08:00:00,51.69,5,N/A,BOTH,1
BTCUSDm,SELL,2026-02-17 08:10:00,68354.39,68188.57142857143,4.9639999999999995,TP,2026-02-17 08:35:00,51.25,5,N/A,BOTH,1
BTCUSDm,SELL,2026-02-18 02:10:00,67239.43,67262.81357142856,-0.706,SL,2026-02-18 02:15:00,50.57,6,N/A,BOTH,1
BTCUSDm,SELL,2026-02-18 05:25:00,67692.97,67577.84857142859,3.4440000000000004,TP,2026-02-18 05:40:00,53.9,5,N/A,BOTH,1
BTCUSDm,BUY,2026-02-18 05:40:00,67598.21,67592.99642857142,-0.166,SL,2026-02-18 05:45:00,46.88,5,N/A,BOTH,3
BTCUSDm,BUY,2026-02-18 05:55:00,67601.83,67586.22285714286,-0.476,SL,2026-02-18 06:00:00,47.33,5,N/A,BOTH,3
BTCUSDm,SELL,2026-02-18 05:30:00,67668.13,67752.67357142856,-2.546,SL,2026-02-18 06:10:00,52.04,5,N/A,BOTH,2
BTCUSDm,SELL,2026-02-18 05:35:00,67679.05,67752.47214285714,-2.206,SL,2026-02-18 06:10:00,52.89,5,N/A,BOTH,3
BTCUSDm,SELL,2026-02-18 06:20:00,67819.52,67855.97285714286,-1.096,SL,2026-02-18 06:25:00,61.42,6,N/A,BOTH,1
BTCUSDm,BUY,2026-02-18 07:10:00,67707.28,67685.83071428572,-0.646,SL,2026-02-18 07:20:00,47.35,6,N/A,BOTH,1
BTCUSDm,BUY,2026-02-18 07:15:00,67719.72,67693.82571428572,-0.786,SL,2026-02-18 07:20:00,48.5,6,N/A,BOTH,2
BTCUSDm,BUY,2026-02-18 10:20:00,68006.81,68004.78214285715,-0.066,SL,2026-02-18 10:25:00,43.97,7,N/A,BOTH,1
BTCUSDm,BUY,2026-02-19 02:35:00,66658.1,66623.75785714287,-1.036,SL,2026-02-19 02:40:00,49.14,5,N/A,BOTH,1
BTCUSDm,SELL,2026-02-19 02:55:00,66785.59,66789.56785714286,-0.126,SL,2026-02-19 03:00:00,57.26,5,N/A,BOTH,1
BTCUSDm,SELL,2026-02-19 03:10:00,66764.68,66897.625,-3.996,SL,2026-02-19 03:20:00,54.58,5,N/A,BOTH,1
BTCUSDm,SELL,2026-02-19 03:15:00,66842.62,66906.07642857142,-1.906,SL,2026-02-19 03:20:00,58.68,5,N/A,BOTH,2
BTCUSDm,SELL,2026-02-19 03:30:00,66814.29,66897.26285714285,-2.496,SL,2026-02-19 03:35:00,54.61,5,N/A,BOTH,1
BTCUSDm,SELL,2026-02-19 03:45:00,66855.32,66874.30857142857,-0.576,SL,2026-02-19 03:50:00,56.63,5,N/A,BOTH,1
BTCUSDm,SELL,2026-02-19 04:20:00,66834.4,66854.69071428572,-0.616,SL,2026-02-19 04:25:00,50.7,5,N/A,BOTH,1
BTCUSDm,SELL,2026-02-19 04:35:00,66883.66,66895.32214285714,-0.356,SL,2026-02-19 04:40:00,54.28,5,N/A,BOTH,1
BTCUSDm,SELL,2026-02-19 05:15:00,66832.31,66698.52142857143,4.004,TP,2026-02-19 05:20:00,52.48,6,N/A,BOTH,1
BTCUSDm,SELL,2026-02-19 05:55:00,66834.71,66901.75,-2.0159999999999996,SL,2026-02-19 06:00:00,54.6,6,N/A,BOTH,2
BTCUSDm,SELL,2026-02-19 05:50:00,66810.95,66923.15071428572,-3.376,SL,2026-02-19 06:05:00,52.66,6,N/A,BOTH,1
BTCUSDm,SELL,2026-02-19 09:10:00,66978.69,67063.90785714285,-2.566,SL,2026-02-19 09:20:00,50.51,5,N/A,BOTH,1
BTCUSDm,SELL,2026-02-19 09:35:00,67001.64,66898.23285714285,3.0940000000000003,TP,2026-02-19 09:45:00,50.2,5,N/A,BOTH,1
BTCUSDm,BUY,2026-02-20 02:25:00,67152.6,67334.83571428576,5.4639999999999995,TP,2026-02-20 03:20:00,47.23,5,N/A,BOTH,3
BTCUSDm,SELL,2026-02-20 02:15:00,67268.99,67372.04285714288,-3.0959999999999996,SL,2026-02-20 03:25:00,56.31,5,N/A,BOTH,1
BTCUSDm,SELL,2026-02-20 02:20:00,67194.02,67386.3592857143,-5.776,SL,2026-02-20 03:25:00,50.41,5,N/A,BOTH,2
BTCUSDm,BUY,2026-02-20 04:20:00,67182.18,67151.22571428571,-0.936,SL,2026-02-20 04:30:00,44.01,5,N/A,BOTH,1
BTCUSDm,BUY,2026-02-20 04:25:00,67195.61,67146.49857142857,-1.476,SL,2026-02-20 04:30:00,45.17,5,N/A,BOTH,2
BTCUSDm,BUY,2026-02-20 04:50:00,67214.52,67197.72357142858,-0.506,SL,2026-02-20 04:55:00,46.57,5,N/A,BOTH,2
BTCUSDm,BUY,2026-02-20 05:10:00,67220.34,67218.05071428572,-0.07600000000000001,SL,2026-02-20 05:15:00,47.65,5,N/A,BOTH,2
BTCUSDm,BUY,2026-02-20 04:45:00,67234.11,67368.53285714284,4.024,TP,2026-02-20 05:25:00,48.16,5,N/A,BOTH,1
BTCUSDm,BUY,2026-02-20 08:30:00,67722.73,67730.21428571428,0.214,TP,2026-02-20 08:35:00,43.96,5,N/A,BOTH,1
BTCUSDm,BUY,2026-02-20 08:35:00,67767.26,67857.58999999998,2.704,TP,2026-02-20 08:50:00,48.24,5,N/A,BOTH,1
BTCUSDm,BUY,2026-02-20 08:40:00,67760.4,67826.70285714284,1.984,TP,2026-02-20 08:50:00,47.44,5,N/A,BOTH,2
BTCUSDm,BUY,2026-02-20 08:45:00,67771.21,67862.80571428574,2.744,TP,2026-02-20 08:50:00,48.65,5,N/A,BOTH,3
BTCUSDm,BUY,2026-02-20 10:45:00,68025.05,68004.98785714287,-0.606,SL,2026-02-20 10:50:00,46.37,5,N/A,BOTH,1
BTCUSDm,SELL,2026-02-21 02:00:00,67907.49,67911.46785714285,-0.126,SL,2026-02-21 02:05:00,51.2,5,N/A,BOTH,1
BTCUSDm,SELL,2026-02-21 02:45:00,67975.97,67976.12071428572,-0.006,SL,2026-02-21 02:50:00,52.69,5,N/A,BOTH,1
BTCUSDm,BUY,2026-02-21 06:30:00,67794.75,67731.16714285714,-1.916,SL,2026-02-21 06:35:00,48.01,6,N/A,BOTH,2
BTCUSDm,BUY,2026-02-21 06:50:00,67755.15,67745.42357142858,-0.296,SL,2026-02-21 07:00:00,44.61,5,N/A,BOTH,2
BTCUSDm,BUY,2026-02-21 06:55:00,67764.0,67750.21285714286,-0.416,SL,2026-02-21 07:00:00,46.05,5,N/A,BOTH,3
BTCUSDm,BUY,2026-02-21 04:50:00,67720.22,67941.68,6.6339999999999995,TP,2026-02-21 08:15:00,49.63,5,N/A,BOTH,1
BTCUSDm,BUY,2026-02-22 02:20:00,68041.25,67977.84857142856,-1.906,SL,2026-02-22 02:35:00,48.64,5,N/A,BOTH,1
BTCUSDm,BUY,2026-02-22 02:25:00,68022.0,67982.43857142856,-1.196,SL,2026-02-22 02:35:00,46.94,5,N/A,BOTH,2
BTCUSDm,BUY,2026-02-22 03:05:00,67982.44,67953.69428571429,-0.866,SL,2026-02-22 03:15:00,47.44,5,N/A,BOTH,1
BTCUSDm,BUY,2026-02-22 03:10:00,67994.61,67963.59428571428,-0.936,SL,2026-02-22 03:15:00,48.54,5,N/A,BOTH,2
BTCUSDm,BUY,2026-02-22 03:40:00,67959.3,67934.16214285715,-0.756,SL,2026-02-22 03:45:00,48.66,5,N/A,BOTH,1
BTCUSDm,SELL,2026-02-22 04:00:00,68031.87,67971.27999999997,1.814,TP,2026-02-22 04:25:00,54.26,5,N/A,BOTH,2
BTCUSDm,SELL,2026-02-22 04:05:00,68013.77,67944.84571428572,2.064,TP,2026-02-22 04:25:00,52.63,5,N/A,BOTH,3
BTCUSDm,SELL,2026-02-22 03:55:00,68016.54,67920.91857142856,2.8640000000000003,TP,2026-02-22 05:05:00,53.09,5,N/A,BOTH,1
BTCUSDm,BUY,2026-02-22 04:25:00,67974.95,67855.48,-3.586,SL,2026-02-22 05:10:00,48.45,5,N/A,BOTH,2
BTCUSDm,BUY,2026-02-22 04:30:00,67966.24,67862.36714285714,-3.126,SL,2026-02-22 05:10:00,47.54,5,N/A,BOTH,3
BTCUSDm,BUY,2026-02-22 05:05:00,67923.18,67909.79714285715,-0.406,SL,2026-02-22 05:10:00,42.55,5,N/A,BOTH,3
BTCUSDm,BUY,2026-02-22 05:20:00,67915.6,67898.905,-0.506,SL,2026-02-22 05:30:00,44.65,5,N/A,BOTH,1
BTCUSDm,BUY,2026-02-22 05:25:00,67923.4,67904.00928571429,-0.586,SL,2026-02-22 05:30:00,45.85,5,N/A,BOTH,2
BTCUSDm,SELL,2026-02-22 05:55:00,67945.44,67997.32714285715,-1.566,SL,2026-02-22 06:00:00,51.36,5,N/A,BOTH,1
BTCUSDm,SELL,2026-02-22 06:35:00,68034.87,68035.19142857143,-0.016,SL,2026-02-22 06:40:00,56.32,5,N/A,BOTH,1
BTCUSDm,SELL,2026-02-22 06:50:00,68036.53,68038.79142857142,-0.07600000000000001,SL,2026-02-22 06:55:00,56.21,5,N/A,BOTH,1
BTCUSDm,SELL,2026-02-22 07:10:00,68019.22,67995.41571428571,0.704,TP,2026-02-22 07:15:00,53.32,5,N/A,BOTH,2
BTCUSDm,SELL,2026-02-22 07:25:00,68004.18,68033.09785714286,-0.876,SL,2026-02-22 07:30:00,51.11,5,N/A,BOTH,2
BTCUSDm,SELL,2026-02-22 07:05:00,67999.84,68038.74214285714,-1.176,SL,2026-02-22 07:40:00,50.16,5,N/A,BOTH,1
BTCUSDm,SELL,2026-02-22 09:00:00,67977.82,68024.09642857143,-1.396,SL,2026-02-22 09:15:00,50.95,5,N/A,BOTH,1
BTCUSDm,SELL,2026-02-22 09:05:00,68009.04,68024.88714285714,-0.486,SL,2026-02-22 09:15:00,55.38,5,N/A,BOTH,2
BTCUSDm,SELL,2026-02-22 09:10:00,68017.25,68024.68785714287,-0.226,SL,2026-02-22 09:15:00,56.49,5,N/A,BOTH,3
BTCUSDm,SELL,2026-02-22 09:30:00,67983.07,68018.88500000001,-1.076,SL,2026-02-22 09:35:00,50.0,5,N/A,BOTH,2
BTCUSDm,SELL,2026-02-22 09:25:00,67998.15,68026.18357142857,-0.846,SL,2026-02-22 09:40:00,52.86,5,N/A,BOTH,1
BTCUSDm,SELL,2026-02-22 10:00:00,68009.77,68037.22357142858,-0.826,SL,2026-02-22 10:15:00,51.44,5,N/A,BOTH,1
BTCUSDm,SELL,2026-02-22 10:05:00,68021.09,68028.83,-0.23600000000000002,SL,2026-02-22 10:15:00,53.27,5,N/A,BOTH,2
BTCUSDm,SELL,2026-02-22 10:30:00,68044.72,68057.81642857143,-0.396,SL,2026-02-22 10:35:00,55.4,5,N/A,BOTH,1
BTCUSDm,SELL,2026-02-22 10:55:00,68099.11,68103.13214285714,-0.126,SL,2026-02-22 11:00:00,61.76,7,N/A,BOTH,1
BTCUSDm,SELL,2026-02-23 05:05:00,64941.89,64945.265,-0.10600000000000001,SL,2026-02-23 05:10:00,53.12,7,N/A,BOTH,1
BTCUSDm,SELL,2026-02-23 08:25:00,65661.6,65848.35214285714,-5.606,SL,2026-02-23 09:25:00,50.91,7,N/A,BOTH,1
BTCUSDm,SELL,2026-02-23 08:55:00,65653.68,65861.72857142857,-6.246,SL,2026-02-23 09:30:00,51.4,7,N/A,BOTH,2
BTCUSDm,SELL,2026-02-28 02:05:00,65879.83,65975.37071428572,-2.876,SL,2026-02-28 02:35:00,54.3,5,N/A,BOTH,1
BTCUSDm,SELL,2026-02-28 02:10:00,65845.48,65971.3892857143,-3.7859999999999996,SL,2026-02-28 02:35:00,51.49,5,N/A,BOTH,2
BTCUSDm,SELL,2026-02-28 02:15:00,65907.47,65980.54142857144,-2.1959999999999997,SL,2026-02-28 02:45:00,55.63,5,N/A,BOTH,3
BTCUSDm,SELL,2026-02-28 03:15:00,65910.71,65920.9442857143,-0.316,SL,2026-02-28 03:20:00,52.13,5,N/A,BOTH,1
BTCUSDm,SELL,2026-02-28 09:20:00,63894.69,63785.32285714286,3.274,TP,2026-02-28 09:25:00,53.12,6,N/A,BOTH,1
BTCUSDm,SELL,2026-02-28 09:25:00,63828.69,63604.00285714287,6.734,TP,2026-02-28 09:35:00,51.22,6,N/A,BOTH,1
BTCUSDm,SELL,2026-02-28 10:15:00,63730.23,63862.20857142857,-3.9659999999999997,SL,2026-02-28 10:20:00,51.27,5,N/A,BOTH,1
BTCUSDm,BUY,2026-03-01 04:40:00,67383.86,67346.41928571428,-1.1260000000000001,SL,2026-03-01 04:45:00,48.81,5,N/A,BOTH,1
BTCUSDm,BUY,2026-03-01 05:10:00,67310.75,67358.61285714287,1.434,TP,2026-03-01 05:15:00,45.78,5,N/A,BOTH,2
BTCUSDm,BUY,2026-03-01 05:05:00,67356.3,67471.56428571431,3.454,TP,2026-03-01 05:20:00,48.23,5,N/A,BOTH,1
BTCUSDm,BUY,2026-03-01 05:40:00,67385.41,67259.82285714285,-3.776,SL,2026-03-01 06:00:00,48.63,5,N/A,BOTH,1
BTCUSDm,BUY,2026-03-01 05:50:00,67292.01,67233.18,-1.766,SL,2026-03-01 06:00:00,44.27,5,N/A,BOTH,2
BTCUSDm,BUY,2026-03-01 05:55:00,67295.06,67235.78357142858,-1.786,SL,2026-03-01 06:00:00,44.41,5,N/A,BOTH,3
BTCUSDm,BUY,2026-03-01 08:00:00,66964.55,67162.88285714287,5.944,TP,2026-03-01 08:10:00,43.09,7,N/A,BOTH,1
BTCUSDm,BUY,2026-03-01 08:40:00,67131.25,66894.19571428571,-7.1160000000000005,SL,2026-03-01 08:50:00,49.78,5,N/A,BOTH,1
BTCUSDm,BUY,2026-03-01 08:45:00,66963.19,66882.40571428572,-2.4259999999999997,SL,2026-03-01 08:50:00,41.82,7,N/A,BOTH,2
BTCUSDm,BUY,2026-03-01 10:40:00,66401.53,66581.35142857142,5.3839999999999995,TP,2026-03-01 11:15:00,39.43,7,N/A,BOTH,1
BTCUSDm,BUY,2026-03-01 10:45:00,66465.52,66315.49357142857,-4.506,SL,2026-03-01 12:30:00,43.34,5,N/A,BOTH,2
BTCUSDm,BUY,2026-03-01 10:50:00,66467.01,66327.79142857142,-4.186,SL,2026-03-01 12:30:00,43.59,5,N/A,BOTH,3
BTCUSDm,SELL,2026-03-02 02:35:00,66399.18,66254.81428571424,4.324,TP,2026-03-02 02:45:00,53.11,5,N/A,BOTH,2
BTCUSDm,SELL,2026-03-02 02:30:00,66328.92,66475.97000000002,-4.416,SL,2026-03-02 03:10:00,50.67,5,N/A,BOTH,1
BTCUSDm,SELL,2026-03-02 02:40:00,66322.86,66476.92357142858,-4.626,SL,2026-03-02 03:10:00,50.22,5,N/A,BOTH,3
BTCUSDm,SELL,2026-03-02 03:05:00,66342.97,66468.20857142858,-3.7659999999999996,SL,2026-03-02 03:10:00,51.81,5,N/A,BOTH,3
BTCUSDm,BUY,2026-03-02 04:45:00,66663.57,66628.7157142857,-1.056,SL,2026-03-02 04:50:00,49.4,6,N/A,BOTH,1
BTCUSDm,BUY,2026-03-02 05:00:00,66683.11,66597.745,-2.566,SL,2026-03-02 05:05:00,49.65,6,N/A,BOTH,1
BTCUSDm,BUY,2026-03-02 05:20:00,66640.72,66785.43571428573,4.334,TP,2026-03-02 05:35:00,47.62,6,N/A,BOTH,1
BTCUSDm,BUY,2026-03-02 05:25:00,66673.13,66892.96428571432,6.593999999999999,TP,2026-03-02 05:40:00,49.19,6,N/A,BOTH,2
BTCUSDm,SELL,2026-03-02 05:40:00,66966.4,66942.33999999997,0.714,TP,2026-03-02 05:45:00,61.98,6,N/A,BOTH,1
BTCUSDm,SELL,2026-03-02 05:45:00,66885.74,66708.73,5.303999999999999,TP,2026-03-02 05:55:00,57.59,5,N/A,BOTH,1
BTCUSDm,SELL,2026-03-02 05:50:00,66832.22,66546.3057142857,8.574,TP,2026-03-02 06:00:00,54.75,5,N/A,BOTH,2
BTCUSDm,BUY,2026-03-02 05:55:00,66734.49,66565.105,-5.086,SL,2026-03-02 06:00:00,49.97,5,N/A,BOTH,2
BTCUSDm,BUY,2026-03-02 06:10:00,66599.16,66586.3,-0.396,SL,2026-03-02 06:15:00,44.87,5,N/A,BOTH,1
BTCUSDm,BUY,2026-03-02 08:20:00,65767.53,65739.16714285714,-0.856,SL,2026-03-02 08:25:00,39.74,6,N/A,BOTH,1
BTCUSDm,SELL,2026-03-02 08:45:00,66048.96,66086.58714285716,-1.136,SL,2026-03-02 08:50:00,52.06,6,N/A,BOTH,1
BTCUSDm,SELL,2026-03-02 10:25:00,66245.35,66345.73714285715,-3.0159999999999996,SL,2026-03-02 10:35:00,51.13,5,N/A,BOTH,1
BTCUSDm,SELL,2026-03-02 10:30:00,66272.88,66377.44214285715,-3.146,SL,2026-03-02 10:35:00,52.52,5,N/A,BOTH,2
BTCUSDm,SELL,2026-03-02 10:45:00,66281.67,65854.64714285712,12.804,TP,2026-03-02 13:00:00,52.11,5,N/A,BOTH,1
BTCUSDm,SELL,2026-03-02 10:55:00,66312.36,65890.33857142857,12.654,TP,2026-03-02 13:00:00,53.4,5,N/A,BOTH,2
BTCUSDm,BUY,2026-03-03 03:50:00,68314.15,68391.36428571425,2.314,TP,2026-03-03 04:00:00,38.47,7,N/A,BOTH,1
BTCUSDm,BUY,2026-03-03 03:55:00,68359.14,68293.285,-1.986,SL,2026-03-03 04:15:00,41.58,5,N/A,BOTH,2
BTCUSDm,BUY,2026-03-03 04:00:00,68417.87,68260.3707142857,-4.726,SL,2026-03-03 04:25:00,45.25,5,N/A,BOTH,2
BTCUSDm,BUY,2026-03-03 04:05:00,68322.07,68225.25428571428,-2.9059999999999997,SL,2026-03-03 04:35:00,40.69,5,N/A,BOTH,3
BTCUSDm,SELL,2026-03-03 08:00:00,68147.79,68178.5,-0.926,SL,2026-03-03 08:05:00,51.89,5,N/A,BOTH,1
BTCUSDm,BUY,2026-03-04 02:05:00,68252.86,68331.3042857143,2.3440000000000003,TP,2026-03-04 02:10:00,48.11,5,UPTREND,BUY_ONLY,1
BTCUSDm,BUY,2026-03-04 02:15:00,68250.72,68233.13142857142,-0.536,SL,2026-03-04 02:20:00,48.22,5,UPTREND,BUY_ONLY,1
BTCUSDm,BUY,2026-03-04 04:05:00,67746.16,67862.06857142862,3.474,TP,2026-03-04 04:10:00,40.9,5,UPTREND,BUY_ONLY,1
BTCUSDm,BUY,2026-03-04 04:10:00,67808.86,67689.00928571427,-3.606,SL,2026-03-04 04:15:00,43.88,5,UPTREND,BUY_ONLY,1
BTCUSDm,BUY,2026-03-04 05:30:00,67768.25,68307.16285714289,16.164,TP,2026-03-04 05:50:00,46.93,5,UPTREND,BUY_ONLY,1
BTCUSDm,BUY,2026-03-05 02:05:00,72755.14,72900.17714285715,4.343999999999999,TP,2026-03-05 02:15:00,48.13,5,UPTREND,BUY_ONLY,1
BTCUSDm,BUY,2026-03-05 02:15:00,72796.13,72725.28357142858,-2.1359999999999997,SL,2026-03-05 02:25:00,49.91,5,UPTREND,BUY_ONLY,1
BTCUSDm,BUY,2026-03-05 03:05:00,72662.1,72581.8192857143,-2.416,SL,2026-03-05 03:10:00,49.57,5,UPTREND,BUY_ONLY,1
BTCUSDm,BUY,2026-03-05 03:20:00,72556.58,72455.5942857143,-3.0359999999999996,SL,2026-03-05 03:30:00,45.12,5,UPTREND,BUY_ONLY,1
BTCUSDm,BUY,2026-03-05 03:25:00,72546.86,72435.39,-3.3459999999999996,SL,2026-03-05 03:30:00,44.61,5,UPTREND,BUY_ONLY,2
BTCUSDm,BUY,2026-03-05 03:50:00,72481.42,72475.575,-0.186,SL,2026-03-05 03:55:00,44.37,5,UPTREND,BUY_ONLY,1
BTCUSDm,BUY,2026-03-05 04:30:00,72612.86,72953.87428571428,10.224,TP,2026-03-05 04:40:00,49.82,6,UPTREND,BUY_ONLY,1
BTCUSDm,BUY,2026-03-05 06:40:00,72425.12,72590.89714285714,4.9639999999999995,TP,2026-03-05 06:50:00,46.73,5,UPTREND,BUY_ONLY,1
BTCUSDm,BUY,2026-03-06 07:10:00,70539.57,70846.76142857142,9.214,TP,2026-03-06 07:25:00,48.83,5,UPTREND,BUY_ONLY,1
BTCUSDm,SELL,2026-03-07 02:00:00,68253.6,68110.59142857144,4.284,TP,2026-03-07 02:20:00,50.04,5,DOWNTREND,BOTH,1
BTCUSDm,SELL,2026-03-07 02:05:00,68275.21,68181.51142857144,2.8040000000000003,TP,2026-03-07 02:20:00,52.5,5,DOWNTREND,BOTH,2
BTCUSDm,SELL,2026-03-07 03:15:00,68322.45,68345.16071428572,-0.686,SL,2026-03-07 03:20:00,54.42,5,DOWNTREND,BOTH,1
BTCUSDm,SELL,2026-03-07 05:50:00,68068.4,68027.51571428566,1.224,TP,2026-03-07 05:55:00,50.51,6,DOWNTREND,BOTH,1
BTCUSDm,SELL,2026-03-07 07:50:00,67807.58,67812.11857142857,-0.14600000000000002,SL,2026-03-07 07:55:00,50.23,6,DOWNTREND,BOTH,1
BTCUSDm,SELL,2026-03-07 09:15:00,67929.8,67947.32999999999,-0.536,SL,2026-03-07 09:20:00,55.82,5,DOWNTREND,BOTH,1
BTCUSDm,SELL,2026-03-08 02:10:00,67301.35,67210.6428571429,2.7140000000000004,TP,2026-03-08 02:25:00,52.35,7,DOWNTREND,BOTH,1
BTCUSDm,SELL,2026-03-08 02:20:00,67277.3,67177.41571428576,2.994,TP,2026-03-08 02:30:00,50.56,5,DOWNTREND,BOTH,2
BTCUSDm,BUY,2026-03-08 05:00:00,66763.74,66800.78428571428,1.104,TP,2026-03-08 05:05:00,36.27,6,DOWNTREND,BOTH,1
BTCUSDm,BUY,2026-03-08 06:30:00,67017.04,67092.61142857141,2.2640000000000002,TP,2026-03-08 06:35:00,45.92,7,DOWNTREND,BOTH,2
BTCUSDm,BUY,2026-03-08 06:25:00,67048.62,67223.29571428569,5.234,TP,2026-03-08 07:00:00,48.14,7,DOWNTREND,BOTH,1
BTCUSDm,SELL,2026-03-08 07:45:00,67262.17,67263.90857142859,-0.056,SL,2026-03-08 07:50:00,54.73,5,DOWNTREND,BOTH,1
BTCUSDm,SELL,2026-03-08 08:10:00,67236.15,67155.43714285712,2.414,TP,2026-03-08 08:15:00,50.48,5,DOWNTREND,BOTH,1
BTCUSDm,SELL,2026-03-08 08:15:00,67263.44,67267.75928571429,-0.136,SL,2026-03-08 08:20:00,53.15,5,DOWNTREND,BOTH,1
BTCUSDm,SELL,2026-03-08 08:30:00,67291.94,67323.44857142857,-0.956,SL,2026-03-08 08:35:00,55.57,5,DOWNTREND,BOTH,1
BTCUSDm,BUY,2026-03-09 02:00:00,66177.26,66173.61071428572,-0.116,SL,2026-03-09 02:05:00,42.81,5,DOWNTREND,BOTH,1
BTCUSDm,BUY,2026-03-09 02:25:00,66107.99,66098.59642857143,-0.28600000000000003,SL,2026-03-09 02:30:00,42.28,5,DOWNTREND,BOTH,1
BTCUSDm,BUY,2026-03-09 10:15:00,67837.64,67831.90142857142,-0.17600000000000002,SL,2026-03-09 10:20:00,48.61,6,DOWNTREND,BOTH,1
BTCUSDm,BUY,2026-03-10 05:40:00,69919.07,69890.40785714285,-0.866,SL,2026-03-10 05:45:00,49.29,6,UPTREND,BUY_ONLY,1
BTCUSDm,BUY,2026-03-10 10:15:00,70787.94,70778.71857142857,-0.28600000000000003,SL,2026-03-10 10:20:00,46.9,5,UPTREND,BUY_ONLY,1
BTCUSDm,BUY,2026-03-11 02:15:00,69957.96,69831.78785714284,-3.796,SL,2026-03-11 02:30:00,47.64,5,UPTREND,BUY_ONLY,1
BTCUSDm,BUY,2026-03-11 02:25:00,69976.35,69860.1207142857,-3.496,SL,2026-03-11 02:30:00,48.84,5,UPTREND,BUY_ONLY,2
BTCUSDm,BUY,2026-03-11 02:55:00,69815.0,69808.02357142858,-0.216,SL,2026-03-11 03:00:00,43.89,5,UPTREND,BUY_ONLY,1
BTCUSDm,BUY,2026-03-13 02:30:00,71350.51,71330.98857142858,-0.596,SL,2026-03-13 02:35:00,48.02,6,UPTREND,BUY_ONLY,1
BTCUSDm,BUY,2026-03-13 05:10:00,71264.79,71440.65571428572,5.274,TP,2026-03-13 05:20:00,47.02,5,UPTREND,BUY_ONLY,3
BTCUSDm,BUY,2026-03-13 05:00:00,71314.51,71532.35714285714,6.534,TP,2026-03-13 05:30:00,49.82,5,UPTREND,BUY_ONLY,2
BTCUSDm,BUY,2026-03-13 06:35:00,71295.55,71255.97571428571,-1.196,SL,2026-03-13 06:40:00,43.46,5,UPTREND,BUY_ONLY,2
BTCUSDm,BUY,2026-03-13 06:50:00,71357.79,71265.17071428572,-2.7859999999999996,SL,2026-03-13 07:00:00,48.57,5,UPTREND,BUY_ONLY,2
BTCUSDm,BUY,2026-03-13 06:55:00,71356.07,71280.11071428572,-2.2859999999999996,SL,2026-03-13 07:00:00,48.45,5,UPTREND,BUY_ONLY,3
BTCUSDm,BUY,2026-03-13 04:30:00,71287.05,71722.04285714288,13.044,TP,2026-03-13 08:30:00,49.51,5,UPTREND,BUY_ONLY,1
BTCUSDm,BUY,2026-03-13 08:05:00,71440.06,71762.02285714287,9.654,TP,2026-03-13 08:35:00,47.84,5,UPTREND,BUY_ONLY,2
BTCUSDm,SELL,2026-03-14 09:05:00,70697.7,70669.77714285713,0.834,TP,2026-03-14 09:10:00,53.62,6,DOWNTREND,BOTH,2
BTCUSDm,SELL,2026-03-14 09:00:00,70676.54,70722.82785714285,-1.396,SL,2026-03-14 09:15:00,51.89,6,DOWNTREND,BOTH,1
BTCUSDm,SELL,2026-03-14 09:10:00,70702.95,70705.7042857143,-0.08600000000000001,SL,2026-03-14 09:15:00,54.19,6,DOWNTREND,BOTH,2
BTCUSDm,SELL,2026-03-14 09:25:00,70691.14,70670.78428571428,0.604,TP,2026-03-14 09:30:00,52.48,5,DOWNTREND,BOTH,1
BTCUSDm,SELL,2026-03-14 10:50:00,70565.44,70632.54642857143,-2.0159999999999996,SL,2026-03-14 11:00:00,50.44,6,DOWNTREND,BOTH,1
BTCUSDm,SELL,2026-03-14 10:55:00,70571.94,70594.54071428571,-0.686,SL,2026-03-14 11:00:00,51.29,6,DOWNTREND,BOTH,2
BTCUSDm,BUY,2026-03-15 05:50:00,71510.18,71503.8757142857,-0.196,SL,2026-03-15 05:55:00,47.95,6,UPTREND,BUY_ONLY,1
BTCUSDm,BUY,2026-03-15 06:15:00,71531.22,71503.16857142857,-0.846,SL,2026-03-15 06:20:00,49.21,5,UPTREND,BUY_ONLY,1
BTCUSDm,BUY,2026-03-15 07:35:00,71496.91,71466.02285714286,-0.936,SL,2026-03-15 07:40:00,47.58,5,UPTREND,BUY_ONLY,1
BTCUSDm,BUY,2026-03-15 08:00:00,71483.03,71510.37857142859,0.814,TP,2026-03-15 08:05:00,47.95,5,UPTREND,BUY_ONLY,1
BTCUSDm,BUY,2026-03-15 08:05:00,71488.84,71521.81285714285,0.984,TP,2026-03-15 08:10:00,48.71,5,UPTREND,BUY_ONLY,1
BTCUSDm,BUY,2026-03-16 02:15:00,72576.66,72407.60928571428,-5.0760000000000005,SL,2026-03-16 02:25:00,48.12,5,UPTREND,BUY_ONLY,1
BTCUSDm,BUY,2026-03-16 02:20:00,72534.57,72433.57214285714,-3.0359999999999996,SL,2026-03-16 02:25:00,46.36,5,UPTREND,BUY_ONLY,2
BTCUSDm,BUY,2026-03-16 02:50:00,72535.19,72593.74857142859,1.754,TP,2026-03-16 02:55:00,48.8,5,UPTREND,BUY_ONLY,1
BTCUSDm,BUY,2026-03-16 02:55:00,72517.83,72502.77571428572,-0.456,SL,2026-03-16 03:00:00,47.75,7,UPTREND,BUY_ONLY,1
BTCUSDm,BUY,2026-03-16 08:10:00,73502.83,73475.97785714286,-0.8160000000000001,SL,2026-03-16 08:15:00,42.69,5,UPTREND,BUY_ONLY,1
BTCUSDm,BUY,2026-03-16 10:35:00,73243.08,73403.81571428572,4.814,TP,2026-03-16 10:45:00,45.09,5,UPTREND,BUY_ONLY,2
BTCUSDm,BUY,2026-03-16 10:30:00,73297.09,73567.91571428569,8.113999999999999,TP,2026-03-16 10:50:00,47.84,5,UPTREND,BUY_ONLY,1
BTCUSDm,BUY,2026-03-16 10:40:00,73262.38,73456.82571428572,5.824,TP,2026-03-16 10:50:00,46.28,5,UPTREND,BUY_ONLY,3
BTCUSDm,BUY,2026-03-17 02:05:00,75254.11,75144.52857142857,-3.296,SL,2026-03-17 02:10:00,47.19,6,UPTREND,BUY_ONLY,1
BTCUSDm,BUY,2026-03-17 05:15:00,74349.8,74310.50928571429,-1.186,SL,2026-03-17 05:20:00,43.46,5,UPTREND,BUY_ONLY,1
BTCUSDm,BUY,2026-03-17 05:30:00,74339.46,74189.78928571429,-4.496,SL,2026-03-17 05:35:00,43.73,5,UPTREND,BUY_ONLY,1
BTCUSDm,BUY,2026-03-17 06:10:00,74142.29,73976.82785714285,-4.966,SL,2026-03-17 06:40:00,44.95,5,UPTREND,BUY_ONLY,1
BTCUSDm,BUY,2026-03-17 07:50:00,74233.45,74409.35285714288,5.274,TP,2026-03-17 08:00:00,48.3,5,UPTREND,BUY_ONLY,1
BTCUSDm,BUY,2026-03-17 07:55:00,74257.25,74452.90857142859,5.864,TP,2026-03-17 08:00:00,49.54,5,UPTREND,BUY_ONLY,2
BTCUSDm,BUY,2026-03-17 08:10:00,74218.77,74126.13142857143,-2.7859999999999996,SL,2026-03-17 08:15:00,47.17,5,UPTREND,BUY_ONLY,1
BTCUSDm,BUY,2026-03-17 08:30:00,74264.77,74091.66142857143,-5.196000000000001,SL,2026-03-17 09:00:00,49.15,5,UPTREND,BUY_ONLY,1
BTCUSDm,BUY,2026-03-17 08:35:00,74207.64,74080.99857142857,-3.8059999999999996,SL,2026-03-17 09:00:00,46.43,5,UPTREND,BUY_ONLY,2
BTCUSDm,BUY,2026-03-17 08:55:00,74192.15,74017.14571428573,-5.256,SL,2026-03-17 09:05:00,45.31,5,UPTREND,BUY_ONLY,3
BTCUSDm,BUY,2026-03-18 10:30:00,74108.62,74072.145,-1.096,SL,2026-03-18 10:35:00,47.06,5,UPTREND,BUY_ONLY,1
BTCUSDm,SELL,2026-03-19 02:10:00,71175.82,71230.91642857144,-1.656,SL,2026-03-19 02:15:00,55.99,5,DOWNTREND,BOTH,1
BTCUSDm,SELL,2026-03-19 02:25:00,71237.59,71238.38,-0.026000000000000002,SL,2026-03-19 02:30:00,59.53,5,DOWNTREND,BOTH,1
BTCUSDm,SELL,2026-03-19 02:40:00,71199.82,71211.96071428571,-0.366,SL,2026-03-19 02:45:00,55.61,5,DOWNTREND,BOTH,1
BTCUSDm,SELL,2026-03-19 03:05:00,71191.07,71222.70928571429,-0.956,SL,2026-03-19 03:10:00,55.18,5,DOWNTREND,BOTH,1
BTCUSDm,SELL,2026-03-19 03:40:00,71247.28,71260.33142857143,-0.396,SL,2026-03-19 03:45:00,50.99,5,DOWNTREND,BOTH,1
BTCUSDm,SELL,2026-03-19 06:05:00,70872.18,70649.50714285712,6.6739999999999995,TP,2026-03-19 06:30:00,50.26,6,DOWNTREND,BOTH,1
BTCUSDm,SELL,2026-03-19 09:20:00,70271.95,70378.35285714286,-3.1959999999999997,SL,2026-03-19 09:35:00,54.87,6,DOWNTREND,BOTH,1
BTCUSDm,SELL,2026-03-19 09:25:00,70253.6,70395.87285714285,-4.276,SL,2026-03-19 09:35:00,53.95,6,DOWNTREND,BOTH,2
BTCUSDm,SELL,2026-03-19 09:30:00,70187.41,70418.96642857142,-6.956,SL,2026-03-19 09:40:00,50.66,5,DOWNTREND,BOTH,3
BTCUSDm,SELL,2026-03-19 09:50:00,70417.74,70421.97499999999,-0.136,SL,2026-03-19 09:55:00,57.68,5,DOWNTREND,BOTH,1
BTCUSDm,BUY,2026-03-20 02:15:00,70270.34,70270.01642857144,-0.016,SL,2026-03-20 02:20:00,46.37,6,DOWNTREND,BOTH,1
BTCUSDm,BUY,2026-03-20 02:40:00,70261.72,70240.34857142858,-0.646,SL,2026-03-20 02:45:00,49.01,5,DOWNTREND,BOTH,1
BTCUSDm,SELL,2026-03-20 02:55:00,70398.5,70439.6407142857,-1.236,SL,2026-03-20 03:00:00,55.08,5,DOWNTREND,BOTH,1
BTCUSDm,BUY,2026-03-20 04:35:00,70591.15,70567.73642857143,-0.706,SL,2026-03-20 04:40:00,48.57,6,DOWNTREND,BOTH,1
BTCUSDm,BUY,2026-03-20 05:25:00,70624.11,70620.09071428573,-0.126,SL,2026-03-20 05:30:00,46.26,6,DOWNTREND,BOTH,1
BTCUSDm,BUY,2026-03-20 07:25:00,70444.36,70688.23142857144,7.314,TP,2026-03-20 07:35:00,47.12,5,DOWNTREND,BOTH,2
BTCUSDm,BUY,2026-03-20 07:20:00,70484.1,70776.7285714286,8.774,TP,2026-03-20 07:40:00,49.64,5,DOWNTREND,BOTH,1
BTCUSDm,BUY,2026-03-21 02:15:00,70532.45,70553.65142857142,0.634,TP,2026-03-21 02:20:00,48.8,5,DOWNTREND,BOTH,1
BTCUSDm,SELL,2026-03-21 02:20:00,70570.77,70628.97785714285,-1.756,SL,2026-03-21 02:25:00,53.0,5,DOWNTREND,BOTH,1
BTCUSDm,SELL,2026-03-21 03:30:00,70632.91,70641.51357142857,-0.266,SL,2026-03-21 03:35:00,50.42,5,DOWNTREND,BOTH,1
BTCUSDm,BUY,2026-03-21 03:45:00,70616.56,70684.90714285715,2.044,TP,2026-03-21 04:00:00,48.8,5,DOWNTREND,BOTH,1
BTCUSDm,SELL,2026-03-21 04:15:00,70720.54,70734.31,-0.416,SL,2026-03-21 04:20:00,58.57,5,DOWNTREND,BOTH,1
BTCUSDm,BUY,2026-03-21 04:30:00,70636.13,70631.74428571429,-0.136,SL,2026-03-21 04:35:00,46.75,5,DOWNTREND,BOTH,1
BTCUSDm,BUY,2026-03-21 07:10:00,70721.09,70824.99571428573,3.1140000000000003,TP,2026-03-21 07:25:00,49.03,5,DOWNTREND,BOTH,1
BTCUSDm,BUY,2026-03-21 07:40:00,70735.83,70709.86928571429,-0.786,SL,2026-03-21 07:45:00,48.55,5,DOWNTREND,BOTH,1
BTCUSDm,BUY,2026-03-21 07:55:00,70706.8,70696.87285714285,-0.306,SL,2026-03-21 08:00:00,45.1,5,DOWNTREND,BOTH,1
BTCUSDm,BUY,2026-03-21 09:15:00,70641.55,70625.59571428571,-0.486,SL,2026-03-21 09:20:00,47.9,5,DOWNTREND,BOTH,1
BTCUSDm,BUY,2026-03-21 09:30:00,70608.2,70547.12714285713,-1.836,SL,2026-03-21 10:15:00,45.15,5,DOWNTREND,BOTH,1
BTCUSDm,BUY,2026-03-21 09:40:00,70623.45,70557.07428571428,-1.996,SL,2026-03-21 10:15:00,47.33,5,DOWNTREND,BOTH,2
BTCUSDm,BUY,2026-03-21 09:45:00,70628.98,70556.965,-2.166,SL,2026-03-21 10:15:00,48.02,5,DOWNTREND,BOTH,3
BTCUSDm,BUY,2026-03-21 10:25:00,70553.96,70585.15857142858,0.9339999999999999,TP,2026-03-21 10:30:00,38.51,7,DOWNTREND,BOTH,1
BTCUSDm,BUY,2026-03-21 10:40:00,70571.8,70622.69714285714,1.524,TP,2026-03-21 11:40:00,42.33,5,DOWNTREND,BOTH,3
BTCUSDm,BUY,2026-03-21 10:30:00,70588.95,70702.82285714285,3.414,TP,2026-03-21 12:00:00,44.61,5,DOWNTREND,BOTH,1
BTCUSDm,BUY,2026-03-21 10:35:00,70594.1,70696.59142857144,3.064,TP,2026-03-21 12:00:00,45.48,5,DOWNTREND,BOTH,2
BTCUSDm,SELL,2026-03-22 03:45:00,69304.85,69326.38857142857,-0.656,SL,2026-03-22 03:50:00,53.96,5,DOWNTREND,SELL_ONLY,1
BTCUSDm,SELL,2026-03-22 04:15:00,69383.07,69194.29285714286,5.654,TP,2026-03-22 04:30:00,56.92,5,DOWNTREND,SELL_ONLY,1
BTCUSDm,SELL,2026-03-22 04:40:00,69334.45,69154.44857142855,5.394,TP,2026-03-22 05:15:00,53.26,5,DOWNTREND,SELL_ONLY,3
BTCUSDm,SELL,2026-03-22 04:35:00,69323.09,69065.17285714284,7.734,TP,2026-03-22 06:00:00,52.49,5,DOWNTREND,SELL_ONLY,2
BTCUSDm,SELL,2026-03-22 06:25:00,69214.55,69137.66428571429,2.3040000000000003,TP,2026-03-22 06:45:00,52.0,5,DOWNTREND,SELL_ONLY,2
BTCUSDm,SELL,2026-03-22 07:00:00,69189.14,69089.28714285714,2.994,TP,2026-03-22 07:30:00,50.58,5,DOWNTREND,SELL_ONLY,2
BTCUSDm,SELL,2026-03-22 04:30:00,69329.27,68998.15714285713,9.924,TP,2026-03-22 07:35:00,52.94,5,DOWNTREND,SELL_ONLY,1
BTCUSDm,SELL,2026-03-22 10:00:00,68816.02,68756.14142857144,1.794,TP,2026-03-22 10:05:00,50.33,10,DOWNTREND,SELL_ONLY,1
BTCUSDm,BUY,2026-03-23 02:10:00,67834.14,68178.90857142858,10.334,TP,2026-03-23 02:25:00,45.41,5,DOWNTREND,BOTH,2
BTCUSDm,BUY,2026-03-23 02:15:00,67907.71,68334.43714285716,12.794,TP,2026-03-23 02:40:00,49.03,5,DOWNTREND,BOTH,3
BTCUSDm,BUY,2026-03-23 02:00:00,67908.51,68393.80714285713,14.554,TP,2026-03-23 03:00:00,48.77,5,DOWNTREND,BOTH,1
BTCUSDm,SELL,2026-03-23 03:20:00,68189.94,68229.59928571428,-1.196,SL,2026-03-23 03:25:00,52.98,9,DOWNTREND,BOTH,3
BTCUSDm,SELL,2026-03-23 03:10:00,68213.85,68089.88285714286,3.7140000000000004,TP,2026-03-23 03:40:00,54.1,9,DOWNTREND,BOTH,1
BTCUSDm,SELL,2026-03-23 04:05:00,68135.13,68244.71285714286,-3.296,SL,2026-03-23 04:30:00,50.4,7,DOWNTREND,BOTH,2
BTCUSDm,SELL,2026-03-23 03:15:00,68166.65,68265.79214285714,-2.976,SL,2026-03-23 04:35:00,52.11,7,DOWNTREND,BOTH,2
BTCUSDm,SELL,2026-03-23 04:10:00,68151.97,68295.20714285714,-4.306,SL,2026-03-23 04:35:00,51.47,7,DOWNTREND,BOTH,3
BTCUSDm,SELL,2026-03-23 07:35:00,68180.65,68275.53357142856,-2.856,SL,2026-03-23 07:40:00,51.71,6,DOWNTREND,BOTH,1
BTCUSDm,BUY,2026-03-23 09:00:00,68274.0,68195.12571428572,-2.376,SL,2026-03-23 09:05:00,46.68,6,UPTREND,BUY_ONLY,1
BTCUSDm,BUY,2026-03-23 10:35:00,68303.67,68403.05428571427,2.974,TP,2026-03-23 10:40:00,48.15,6,UPTREND,BUY_ONLY,1
BTCUSDm,BUY,2026-03-24 02:10:00,70432.92,70610.84714285714,5.334,TP,2026-03-24 02:20:00,42.07,5,UPTREND,BUY_ONLY,3
BTCUSDm,BUY,2026-03-24 02:00:00,70584.15,70349.25142857143,-7.056,SL,2026-03-24 02:40:00,48.71,5,UPTREND,BUY_ONLY,1
BTCUSDm,BUY,2026-03-24 02:05:00,70556.48,70351.05571428571,-6.166,SL,2026-03-24 02:40:00,47.37,5,UPTREND,BUY_ONLY,2
BTCUSDm,BUY,2026-03-24 02:20:00,70533.11,70353.54785714285,-5.396,SL,2026-03-24 02:40:00,47.48,5,UPTREND,BUY_ONLY,3
BTCUSDm,BUY,2026-03-24 02:50:00,70472.82,70449.90785714285,-0.696,SL,2026-03-24 02:55:00,45.21,5,UPTREND,BUY_ONLY,1
BTCUSDm,BUY,2026-03-24 03:20:00,70506.92,70439.63714285716,-2.026,SL,2026-03-24 03:30:00,49.16,5,UPTREND,BUY_ONLY,1
BTCUSDm,BUY,2026-03-24 03:40:00,70459.43,70664.88714285713,6.154,TP,2026-03-24 04:05:00,46.36,5,UPTREND,BUY_ONLY,2
BTCUSDm,BUY,2026-03-24 03:45:00,70491.34,70710.50428571427,6.564,TP,2026-03-24 04:05:00,49.07,5,UPTREND,BUY_ONLY,3
BTCUSDm,BUY,2026-03-24 03:25:00,70516.77,70327.65285714286,-5.676,SL,2026-03-24 04:30:00,49.96,5,UPTREND,BUY_ONLY,2
BTCUSDm,BUY,2026-03-24 04:25:00,70499.15,70461.00928571429,-1.146,SL,2026-03-24 04:30:00,47.15,6,UPTREND,BUY_ONLY,2
BTCUSDm,BUY,2026-03-25 03:00:00,70524.51,70501.99642857144,-0.686,SL,2026-03-25 03:05:00,42.12,5,UPTREND,BUY_ONLY,1
BTCUSDm,BUY,2026-03-25 03:25:00,70492.41,70507.82857142854,0.454,TP,2026-03-25 03:30:00,43.27,5,UPTREND,BUY_ONLY,1
BTCUSDm,BUY,2026-03-25 07:00:00,71010.05,70982.57857142857,-0.826,SL,2026-03-25 07:05:00,47.12,5,UPTREND,BUY_ONLY,1
BTCUSDm,BUY,2026-03-25 07:20:00,71022.67,71125.02714285713,3.064,TP,2026-03-25 07:30:00,47.96,5,UPTREND,BUY_ONLY,1
BTCUSDm,BUY,2026-03-25 07:25:00,71041.33,71133.47857142855,2.754,TP,2026-03-25 07:30:00,49.45,5,UPTREND,BUY_ONLY,2
BTCUSDm,BUY,2026-03-25 07:40:00,71035.65,70947.51500000001,-2.646,SL,2026-03-25 07:45:00,48.17,5,UPTREND,BUY_ONLY,1
BTCUSDm,BUY,2026-03-25 08:00:00,70961.81,70914.15714285715,-1.436,SL,2026-03-25 08:05:00,45.49,5,UPTREND,BUY_ONLY,1
BTCUSDm,BUY,2026-03-26 02:00:00,71232.62,71124.61357142858,-3.246,SL,2026-03-26 02:05:00,49.47,5,UPTREND,BUY_ONLY,1
BTCUSDm,BUY,2026-03-26 04:15:00,70702.0,70770.34571428571,2.044,TP,2026-03-26 04:20:00,37.27,6,UPTREND,BUY_ONLY,2
BTCUSDm,BUY,2026-03-26 04:10:00,70711.87,70807.19428571424,2.854,TP,2026-03-26 04:25:00,37.76,6,UPTREND,BUY_ONLY,1
BTCUSDm,SELL,2026-03-27 03:35:00,68836.1,68717.62142857144,3.544,TP,2026-03-27 03:55:00,50.75,6,DOWNTREND,SELL_ONLY,1
BTCUSDm,SELL,2026-03-27 06:15:00,68711.2,68719.22285714286,-0.246,SL,2026-03-27 06:20:00,58.64,7,DOWNTREND,SELL_ONLY,1
BTCUSDm,SELL,2026-03-27 06:35:00,68687.74,68713.04071428571,-0.766,SL,2026-03-27 06:40:00,53.87,7,DOWNTREND,SELL_ONLY,1
BTCUSDm,SELL,2026-03-27 06:50:00,68661.58,68627.84285714284,1.004,TP,2026-03-27 06:55:00,51.02,7,DOWNTREND,SELL_ONLY,1
BTCUSDm,SELL,2026-03-27 07:30:00,68707.59,68449.83999999997,7.724,TP,2026-03-27 07:55:00,50.7,7,DOWNTREND,SELL_ONLY,1
BTCUSDm,SELL,2026-03-28 05:00:00,66181.79,66226.27500000001,-1.336,SL,2026-03-28 05:20:00,52.4,7,DOWNTREND,SELL_ONLY,1
BTCUSDm,SELL,2026-03-28 05:05:00,66181.55,66225.03642857143,-1.306,SL,2026-03-28 05:20:00,52.16,7,DOWNTREND,SELL_ONLY,2
BTCUSDm,SELL,2026-03-28 05:10:00,66201.59,66219.68357142858,-0.546,SL,2026-03-28 05:20:00,55.33,7,DOWNTREND,SELL_ONLY,3
BTCUSDm,SELL,2026-03-28 06:05:00,66296.96,66343.7507142857,-1.406,SL,2026-03-28 06:15:00,60.19,9,DOWNTREND,SELL_ONLY,1
BTCUSDm,SELL,2026-03-28 06:10:00,66317.84,66339.33642857142,-0.646,SL,2026-03-28 06:15:00,62.6,9,DOWNTREND,SELL_ONLY,2
BTCUSDm,SELL,2026-03-28 06:45:00,66320.81,66350.70214285715,-0.906,SL,2026-03-28 06:55:00,53.15,7,DOWNTREND,SELL_ONLY,1
BTCUSDm,SELL,2026-03-28 06:50:00,66337.33,66350.04642857143,-0.386,SL,2026-03-28 06:55:00,55.53,9,DOWNTREND,SELL_ONLY,2
BTCUSDm,SELL,2026-03-28 07:10:00,66388.93,66416.64,-0.836,SL,2026-03-28 07:15:00,62.05,7,DOWNTREND,SELL_ONLY,1
BTCUSDm,SELL,2026-03-28 10:00:00,66328.8,66357.43714285713,-0.866,SL,2026-03-28 10:05:00,51.53,5,DOWNTREND,SELL_ONLY,1
BTCUSDm,SELL,2026-03-29 02:30:00,66535.74,66566.28642857143,-0.926,SL,2026-03-29 02:35:00,54.89,7,DOWNTREND,SELL_ONLY,1
BTCUSDm,SELL,2026-03-29 04:20:00,66758.84,66778.55428571429,-0.596,SL,2026-03-29 04:25:00,50.01,6,DOWNTREND,SELL_ONLY,1
BTCUSDm,SELL,2026-03-29 05:50:00,66727.39,66760.42142857143,-0.996,SL,2026-03-29 06:00:00,55.42,7,DOWNTREND,SELL_ONLY,1
BTCUSDm,SELL,2026-03-29 05:55:00,66713.42,66755.91928571429,-1.276,SL,2026-03-29 06:00:00,53.35,9,DOWNTREND,SELL_ONLY,2
BTCUSDm,SELL,2026-03-29 06:10:00,66757.56,66762.10357142857,-0.14600000000000002,SL,2026-03-29 06:15:00,56.96,7,DOWNTREND,SELL_ONLY,1
BTCUSDm,SELL,2026-03-29 06:50:00,66699.18,66595.08714285711,3.1140000000000003,TP,2026-03-29 07:00:00,52.07,9,DOWNTREND,SELL_ONLY,1
BTCUSDm,SELL,2026-03-29 07:50:00,66650.61,66714.89714285715,-1.936,SL,2026-03-29 08:35:00,52.22,5,DOWNTREND,SELL_ONLY,1
BTCUSDm,SELL,2026-03-29 08:30:00,66651.03,66674.53857142858,-0.716,SL,2026-03-29 08:35:00,53.47,6,DOWNTREND,SELL_ONLY,2
BTCUSDm,SELL,2026-03-29 08:45:00,66669.31,66670.86142857144,-0.056,SL,2026-03-29 08:50:00,54.72,5,DOWNTREND,SELL_ONLY,1
BTCUSDm,SELL,2026-03-29 09:00:00,66671.38,66638.47428571427,0.984,TP,2026-03-29 09:05:00,54.63,6,DOWNTREND,SELL_ONLY,1
BTCUSDm,BUY,2026-03-30 07:25:00,67269.86,67261.36857142857,-0.256,SL,2026-03-30 07:30:00,45.57,5,UPTREND,BOTH,1
BTCUSDm,BUY,2026-03-30 07:40:00,67251.87,67239.16214285714,-0.386,SL,2026-03-30 07:45:00,44.28,5,UPTREND,BOTH,1
BTCUSDm,BUY,2026-03-30 09:05:00,67545.95,67619.42571428571,2.1940000000000004,TP,2026-03-30 09:10:00,49.53,7,UPTREND,BOTH,1
BTCUSDm,BUY,2026-03-31 03:35:00,67645.26,67636.79357142857,-0.256,SL,2026-03-31 03:40:00,46.12,6,UPTREND,BUY_ONLY,1
BTCUSDm,BUY,2026-03-31 03:50:00,67664.54,67660.63714285713,-0.126,SL,2026-03-31 03:55:00,47.61,6,UPTREND,BUY_ONLY,1
BTCUSDm,BUY,2026-03-31 04:15:00,67681.61,67698.67714285715,0.504,TP,2026-03-31 04:20:00,49.8,5,UPTREND,BUY_ONLY,1
BTCUSDm,BUY,2026-03-31 05:20:00,67562.47,67462.76928571427,-2.996,SL,2026-03-31 06:10:00,49.24,5,UPTREND,BUY_ONLY,1
BTCUSDm,BUY,2026-03-31 05:25:00,67567.16,67454.46428571429,-3.3859999999999997,SL,2026-03-31 06:10:00,49.52,5,UPTREND,BUY_ONLY,2
BTCUSDm,BUY,2026-03-31 06:05:00,67481.75,67464.83357142858,-0.516,SL,2026-03-31 06:10:00,42.12,5,UPTREND,BUY_ONLY,3
BTCUSDm,BUY,2026-03-31 06:50:00,67434.36,67434.115,-0.016,SL,2026-03-31 06:55:00,44.72,5,UPTREND,BUY_ONLY,1
BTCUSDm,BUY,2026-03-31 07:45:00,67330.76,67295.07928571428,-1.076,SL,2026-03-31 07:50:00,47.5,5,UPTREND,BUY_ONLY,1
BTCUSDm,BUY,2026-04-01 09:25:00,68523.32,68559.74000000005,1.084,TP,2026-04-01 09:30:00,44.15,5,UPTREND,BOTH,1
BTCUSDm,BUY,2026-04-01 09:30:00,68515.96,68504.85642857142,-0.336,SL,2026-04-01 09:35:00,43.85,5,UPTREND,BOTH,1
BTCUSDm,BUY,2026-04-01 10:05:00,68510.03,68465.80285714286,-1.336,SL,2026-04-01 10:15:00,45.37,5,UPTREND,BOTH,3
BTCUSDm,BUY,2026-04-01 10:00:00,68514.96,68437.86428571428,-2.316,SL,2026-04-01 10:30:00,45.66,5,UPTREND,BOTH,2
BTCUSDm,BUY,2026-04-01 09:45:00,68568.88,68419.10571428572,-4.496,SL,2026-04-01 10:35:00,48.86,5,UPTREND,BOTH,1
BTCUSDm,SELL,2026-04-02 06:45:00,66596.43,66615.90571428572,-0.586,SL,2026-04-02 06:50:00,51.62,5,UPTREND,BOTH,1
BTCUSDm,SELL,2026-04-02 07:15:00,66675.31,66643.54142857142,0.944,TP,2026-04-02 07:20:00,55.22,5,UPTREND,BOTH,1
BTCUSDm,SELL,2026-04-02 07:20:00,66668.65,66700.51785714286,-0.966,SL,2026-04-02 07:30:00,54.75,5,UPTREND,BOTH,1
BTCUSDm,SELL,2026-04-02 07:25:00,66668.26,66729.70928571429,-1.846,SL,2026-04-02 07:30:00,54.69,5,UPTREND,BOTH,2
BTCUSDm,SELL,2026-04-02 08:05:00,66752.16,66686.52285714287,1.964,TP,2026-04-02 08:15:00,53.64,5,UPTREND,BOTH,1
BTCUSDm,SELL,2026-04-02 08:10:00,66761.6,66720.71000000002,1.224,TP,2026-04-02 08:15:00,54.31,5,UPTREND,BOTH,2
BTCUSDm,SELL,2026-04-02 10:40:00,66455.11,66471.58142857144,-0.496,SL,2026-04-02 10:45:00,51.96,5,UPTREND,BOTH,1
BTCUSDm,SELL,2026-04-02 10:55:00,66441.51,66460.57785714287,-0.576,SL,2026-04-02 11:00:00,51.02,5,UPTREND,BOTH,1
BTCUSDm,BUY,2026-04-03 02:30:00,66467.5,66463.44,-0.126,SL,2026-04-03 02:35:00,38.99,6,UPTREND,BOTH,1
BTCUSDm,BUY,2026-04-03 04:30:00,66526.4,66658.75428571427,3.9640000000000004,TP,2026-04-03 04:45:00,43.93,5,UPTREND,BOTH,1
BTCUSDm,BUY,2026-04-03 04:35:00,66538.07,66666.58000000002,3.854,TP,2026-04-03 04:45:00,45.35,5,UPTREND,BOTH,2
BTCUSDm,BUY,2026-04-03 04:40:00,66567.11,66487.67928571429,-2.3859999999999997,SL,2026-04-03 05:15:00,48.19,5,UPTREND,BOTH,3
BTCUSDm,SELL,2026-04-03 04:45:00,66628.4,66482.72142857141,4.364,TP,2026-04-03 05:15:00,54.19,7,UPTREND,BOTH,2
BTCUSDm,SELL,2026-04-03 04:50:00,66614.49,66442.23428571432,5.164,TP,2026-04-03 05:15:00,52.56,7,UPTREND,BOTH,3
BTCUSDm,BUY,2026-04-03 05:50:00,66550.53,66656.00857142857,3.1540000000000004,TP,2026-04-03 06:10:00,45.7,5,UPTREND,BOTH,2
BTCUSDm,BUY,2026-04-03 05:25:00,66565.85,66832.68857142859,8.004,TP,2026-04-03 07:00:00,48.78,5,UPTREND,BOTH,1
BTCUSDm,BUY,2026-04-03 05:55:00,66603.07,66811.75571428574,6.254,TP,2026-04-03 07:00:00,49.47,5,UPTREND,BOTH,3
BTCUSDm,SELL,2026-04-04 02:00:00,66906.4,66851.70428571425,1.634,TP,2026-04-04 02:05:00,56.78,5,DOWNTREND,SELL_ONLY,1
BTCUSDm,SELL,2026-04-04 03:00:00,66865.4,66918.73857142858,-1.606,SL,2026-04-04 05:30:00,52.97,5,DOWNTREND,SELL_ONLY,2
BTCUSDm,SELL,2026-04-04 03:05:00,66867.82,66921.80071428572,-1.6260000000000001,SL,2026-04-04 05:30:00,53.4,5,DOWNTREND,SELL_ONLY,3
BTCUSDm,SELL,2026-04-04 02:30:00,66863.98,66922.04642857143,-1.746,SL,2026-04-04 06:00:00,51.14,5,DOWNTREND,SELL_ONLY,1
BTCUSDm,BUY,2026-04-05 02:25:00,67109.39,67096.00928571429,-0.406,SL,2026-04-05 02:30:00,47.01,6,SIDEWAY,BOTH,1
BTCUSDm,BUY,2026-04-05 02:40:00,67119.85,67061.75357142856,-1.746,SL,2026-04-05 04:10:00,48.46,6,SIDEWAY,BOTH,1
BTCUSDm,BUY,2026-04-05 02:45:00,67126.82,67065.00214285713,-1.856,SL,2026-04-05 04:10:00,49.76,6,SIDEWAY,BOTH,2
BTCUSDm,BUY,2026-04-05 03:45:00,67120.48,67080.92071428572,-1.196,SL,2026-04-05 04:10:00,47.85,5,SIDEWAY,BOTH,3
BTCUSDm,BUY,2026-04-05 04:20:00,67103.27,67166.06714285717,1.8739999999999999,TP,2026-04-05 04:25:00,46.04,5,DOWNTREND,BOTH,1
BTCUSDm,SELL,2026-04-05 04:30:00,67147.76,67122.9414285714,0.734,TP,2026-04-05 04:40:00,54.49,5,DOWNTREND,BOTH,1
BTCUSDm,SELL,2026-04-05 04:35:00,67148.18,67122.22571428568,0.774,TP,2026-04-05 04:40:00,54.54,5,DOWNTREND,BOTH,2
BTCUSDm,BUY,2026-04-05 04:40:00,67116.9,67070.98428571428,-1.386,SL,2026-04-05 04:45:00,48.14,5,DOWNTREND,BOTH,1
BTCUSDm,BUY,2026-04-05 04:55:00,67078.82,67121.07142857148,1.264,TP,2026-04-05 05:10:00,42.68,5,DOWNTREND,BOTH,1
BTCUSDm,SELL,2026-04-05 10:55:00,67021.56,67025.79000000001,-0.136,SL,2026-04-05 11:00:00,58.25,7,DOWNTREND,BOTH,1
BTCUSDm,BUY,2026-04-06 06:00:00,69105.95,69243.37857142858,4.114,TP,2026-04-06 06:05:00,47.77,5,UPTREND,BOTH,1
BTCUSDm,BUY,2026-04-06 06:50:00,69006.97,68991.00571428571,-0.486,SL,2026-04-06 06:55:00,46.78,5,UPTREND,BOTH,1
BTCUSDm,BUY,2026-04-08 02:45:00,71381.54,71337.33499999999,-1.336,SL,2026-04-08 02:50:00,44.8,9,UPTREND,BUY_ONLY,1
BTCUSDm,BUY,2026-04-08 03:00:00,71408.45,71322.85071428571,-2.5759999999999996,SL,2026-04-08 03:10:00,46.78,9,UPTREND,BUY_ONLY,1
BTCUSDm,BUY,2026-04-08 03:05:00,71370.15,71327.02928571429,-1.296,SL,2026-04-08 03:10:00,44.99,9,UPTREND,BUY_ONLY,2
BTCUSDm,BUY,2026-04-08 06:00:00,71601.48,71625.87999999999,0.724,TP,2026-04-08 06:05:00,49.46,9,UPTREND,BUY_ONLY,1
BTCUSDm,BUY,2026-04-08 07:00:00,71640.69,71657.72714285715,0.504,TP,2026-04-08 07:05:00,44.4,9,UPTREND,BUY_ONLY,1
BTCUSDm,BUY,2026-04-08 07:30:00,71652.41,71649.51571428572,-0.096,SL,2026-04-08 07:35:00,45.07,5,UPTREND,BUY_ONLY,1
BTCUSDm,BUY,2026-04-08 08:10:00,71698.84,71858.26999999999,4.774,TP,2026-04-08 09:00:00,49.6,5,UPTREND,BUY_ONLY,1
BTCUSDm,BUY,2026-04-08 09:25:00,71674.03,71702.21857142856,0.844,TP,2026-04-08 09:30:00,43.98,5,UPTREND,BUY_ONLY,1
BTCUSDm,BUY,2026-04-08 09:30:00,71711.15,71661.65214285714,-1.486,SL,2026-04-08 09:40:00,47.0,5,UPTREND,BUY_ONLY,1
BTCUSDm,BUY,2026-04-08 09:35:00,71675.85,71669.49714285714,-0.196,SL,2026-04-08 09:40:00,44.59,5,UPTREND,BUY_ONLY,2
BTCUSDm,BUY,2026-04-10 04:35:00,71899.95,72105.3814285714,6.154,TP,2026-04-10 04:50:00,46.8,5,UPTREND,BUY_ONLY,1
BTCUSDm,BUY,2026-04-10 04:40:00,71909.88,72105.27857142856,5.854,TP,2026-04-10 04:50:00,48.03,5,UPTREND,BUY_ONLY,2
BTCUSDm,BUY,2026-04-10 10:25:00,71737.65,71893.85857142857,4.684,TP,2026-04-10 10:50:00,48.2,5,UPTREND,BUY_ONLY,2
BTCUSDm,BUY,2026-04-10 10:20:00,71748.2,71964.9242857143,6.494,TP,2026-04-10 11:00:00,49.13,5,UPTREND,BUY_ONLY,1
BTCUSDm,BUY,2026-04-11 02:45:00,72962.55,73052.0328571429,2.6740000000000004,TP,2026-04-11 03:10:00,49.71,6,UPTREND,BUY_ONLY,1
BTCUSDm,BUY,2026-04-11 02:50:00,72956.93,73038.11714285714,2.434,TP,2026-04-11 03:10:00,49.14,6,UPTREND,BUY_ONLY,2
BTCUSDm,BUY,2026-04-11 04:05:00,72959.32,72946.61499999999,-0.386,SL,2026-04-11 04:10:00,47.71,5,UPTREND,BUY_ONLY,1
BTCUSDm,BUY,2026-04-11 05:40:00,72829.15,72823.72357142856,-0.166,SL,2026-04-11 05:45:00,47.35,5,UPTREND,BUY_ONLY,1
BTCUSDm,BUY,2026-04-11 06:00:00,72722.26,72695.57142857142,-0.806,SL,2026-04-11 06:05:00,36.35,7,UPTREND,BUY_ONLY,1
BTCUSDm,BUY,2026-04-11 06:20:00,72709.61,72681.26642857143,-0.856,SL,2026-04-11 06:25:00,37.77,6,UPTREND,BUY_ONLY,1
BTCUSDm,BUY,2026-04-11 07:15:00,72778.67,72857.57857142856,2.3640000000000003,TP,2026-04-11 07:20:00,48.8,5,UPTREND,BUY_ONLY,1
BTCUSDm,BUY,2026-04-11 07:40:00,72771.69,72732.66428571427,-1.176,SL,2026-04-11 07:45:00,46.15,5,UPTREND,BUY_ONLY,1
BTCUSDm,BUY,2026-04-11 08:00:00,72758.16,72822.98142857145,1.934,TP,2026-04-11 08:20:00,46.1,5,UPTREND,BUY_ONLY,2
BTCUSDm,BUY,2026-04-11 07:55:00,72777.26,72726.255,-1.536,SL,2026-04-11 08:35:00,48.7,5,UPTREND,BUY_ONLY,1
BTCUSDm,BUY,2026-04-11 08:05:00,72769.14,72722.56928571429,-1.406,SL,2026-04-11 08:35:00,47.88,5,UPTREND,BUY_ONLY,3
BTCUSDm,BUY,2026-04-11 08:20:00,72781.64,72713.49642857142,-2.046,SL,2026-04-11 08:35:00,49.37,5,UPTREND,BUY_ONLY,3
BTCUSDm,BUY,2026-04-11 10:45:00,72821.9,72852.82571428569,0.924,TP,2026-04-11 10:50:00,47.93,7,UPTREND,BUY_ONLY,3
BTCUSDm,BUY,2026-04-11 10:40:00,72816.55,72862.78571428572,1.384,TP,2026-04-11 10:55:00,47.29,7,UPTREND,BUY_ONLY,2
BTCUSDm,BUY,2026-04-11 10:35:00,72838.79,72952.08285714283,3.394,TP,2026-04-11 12:00:00,49.82,7,UPTREND,BUY_ONLY,1
BTCUSDm,SELL,2026-04-12 08:05:00,71698.0,71764.22,-1.996,SL,2026-04-12 08:35:00,50.29,5,DOWNTREND,BOTH,1
BTCUSDm,SELL,2026-04-12 08:20:00,71729.11,71758.80500000001,-0.896,SL,2026-04-12 08:35:00,54.51,5,DOWNTREND,BOTH,2
BTCUSDm,SELL,2026-04-12 08:25:00,71721.92,71758.36142857143,-1.096,SL,2026-04-12 08:35:00,53.47,5,DOWNTREND,BOTH,3
BTCUSDm,SELL,2026-04-12 10:10:00,71650.49,71685.76714285715,-1.066,SL,2026-04-12 10:15:00,50.66,5,DOWNTREND,BOTH,1
BTCUSDm,BUY,2026-04-13 02:10:00,71025.09,71116.70857142855,2.744,TP,2026-04-13 02:20:00,46.51,5,DOWNTREND,BOTH,1
BTCUSDm,SELL,2026-04-13 02:15:00,71071.93,71251.24714285713,-5.386,SL,2026-04-13 02:25:00,50.05,7,DOWNTREND,BOTH,2
BTCUSDm,SELL,2026-04-13 02:20:00,71135.02,71282.80857142857,-4.436,SL,2026-04-13 02:25:00,54.45,7,DOWNTREND,BOTH,2
BTCUSDm,BUY,2026-04-13 02:35:00,71065.65,70962.505,-3.0959999999999996,SL,2026-04-13 03:35:00,48.17,5,DOWNTREND,BOTH,1
BTCUSDm,BUY,2026-04-13 02:40:00,71055.82,70979.8,-2.2859999999999996,SL,2026-04-13 03:35:00,47.61,5,DOWNTREND,BOTH,2
BTCUSDm,BUY,2026-04-13 02:45:00,71071.62,70984.99214285714,-2.606,SL,2026-04-13 03:35:00,48.72,5,DOWNTREND,BOTH,3
BTCUSDm,BUY,2026-04-13 07:05:00,70942.68,70916.56428571428,-0.786,SL,2026-04-13 07:10:00,44.73,5,DOWNTREND,BOTH,1
BTCUSDm,SELL,2026-04-13 09:00:00,70838.79,70860.67857142857,-0.666,SL,2026-04-13 09:05:00,54.58,6,DOWNTREND,BOTH,1
BTCUSDm,SELL,2026-04-13 09:25:00,70798.03,70829.15285714285,-0.936,SL,2026-04-13 09:30:00,52.11,6,DOWNTREND,BOTH,1
BTCUSDm,SELL,2026-04-13 09:50:00,70780.75,70799.80214285714,-0.576,SL,2026-04-13 09:55:00,50.29,5,DOWNTREND,BOTH,3
BTCUSDm,SELL,2026-04-13 09:40:00,70790.41,70819.93857142857,-0.896,SL,2026-04-13 10:05:00,51.15,6,DOWNTREND,BOTH,1
BTCUSDm,BUY,2026-04-13 10:15:00,70783.75,70746.59071428572,-1.116,SL,2026-04-13 10:20:00,49.66,5,DOWNTREND,BOTH,2
BTCUSDm,BUY,2026-04-13 10:30:00,70750.0,70743.33357142858,-0.20600000000000002,SL,2026-04-13 10:35:00,46.38,5,DOWNTREND,BOTH,2
BTCUSDm,BUY,2026-04-13 10:45:00,70771.59,70718.66071428572,-1.596,SL,2026-04-13 10:50:00,48.63,5,DOWNTREND,BOTH,2
BTCUSDm,BUY,2026-04-13 09:45:00,70772.91,70968.18571428573,5.854,TP,2026-04-13 11:45:00,49.48,5,DOWNTREND,BOTH,2
BTCUSDm,BUY,2026-04-14 02:30:00,74350.1,74347.82785714287,-0.07600000000000001,SL,2026-04-14 02:35:00,47.9,5,UPTREND,BUY_ONLY,1
BTCUSDm,BUY,2026-04-14 02:50:00,74358.06,74337.67285714287,-0.616,SL,2026-04-14 03:00:00,47.71,5,UPTREND,BUY_ONLY,1
BTCUSDm,BUY,2026-04-14 02:55:00,74363.2,74339.48142857144,-0.716,SL,2026-04-14 03:00:00,48.06,5,UPTREND,BUY_ONLY,2
BTCUSDm,BUY,2026-04-14 03:10:00,74384.16,74338.40142857142,-1.3760000000000001,SL,2026-04-14 03:15:00,49.6,5,UPTREND,BUY_ONLY,1
BTCUSDm,BUY,2026-04-14 04:50:00,74414.78,74338.87857142858,-2.2859999999999996,SL,2026-04-14 05:05:00,47.9,5,UPTREND,BUY_ONLY,2
BTCUSDm,BUY,2026-04-14 04:55:00,74418.56,74340.42142857143,-2.3459999999999996,SL,2026-04-14 05:05:00,48.18,5,UPTREND,BUY_ONLY,3
BTCUSDm,BUY,2026-04-14 05:15:00,74380.85,74440.30857142856,1.774,TP,2026-04-14 05:20:00,45.52,5,UPTREND,BUY_ONLY,2
BTCUSDm,BUY,2026-04-14 05:20:00,74370.14,74341.28285714287,-0.876,SL,2026-04-14 05:25:00,44.26,5,UPTREND,BUY_ONLY,2
BTCUSDm,BUY,2026-04-14 04:40:00,74416.82,74320.04071428571,-2.9059999999999997,SL,2026-04-14 05:35:00,48.08,5,UPTREND,BUY_ONLY,1
BTCUSDm,BUY,2026-04-14 06:05:00,74365.9,74343.42357142858,-0.676,SL,2026-04-14 06:10:00,49.97,5,UPTREND,BUY_ONLY,1
BTCUSDm,BUY,2026-04-15 02:15:00,74557.04,74510.655,-1.396,SL,2026-04-15 02:20:00,49.24,5,UPTREND,BUY_ONLY,1
BTCUSDm,BUY,2026-04-16 02:05:00,74607.01,74780.5057142857,5.194,TP,2026-04-16 02:25:00,44.31,5,UPTREND,BUY_ONLY,1
BTCUSDm,BUY,2026-04-16 02:15:00,74646.21,74816.52714285716,5.104,TP,2026-04-16 02:25:00,47.04,5,UPTREND,BUY_ONLY,3
BTCUSDm,BUY,2026-04-16 02:10:00,74687.74,75005.75000000001,9.533999999999999,TP,2026-04-16 02:30:00,49.52,5,UPTREND,BUY_ONLY,2
BTCUSDm,BUY,2026-04-16 06:30:00,75006.88,74922.48857142858,-2.5359999999999996,SL,2026-04-16 06:40:00,48.67,5,UPTREND,BUY_ONLY,3
BTCUSDm,BUY,2026-04-16 06:50:00,75004.86,74917.88142857143,-2.6159999999999997,SL,2026-04-16 07:10:00,48.66,5,UPTREND,BUY_ONLY,3
BTCUSDm,BUY,2026-04-16 07:20:00,74912.91,74912.00785714286,-0.036,SL,2026-04-16 07:25:00,41.5,5,UPTREND,BUY_ONLY,3
BTCUSDm,BUY,2026-04-16 05:05:00,74935.21,74812.69357142858,-3.686,SL,2026-04-16 07:45:00,49.52,5,UPTREND,BUY_ONLY,1
BTCUSDm,BUY,2026-04-16 05:10:00,74930.43,74812.88857142859,-3.5359999999999996,SL,2026-04-16 07:45:00,49.23,5,UPTREND,BUY_ONLY,2
BTCUSDm,BUY,2026-04-16 08:55:00,74686.36,74679.57785714285,-0.20600000000000002,SL,2026-04-16 09:00:00,41.16,5,UPTREND,BUY_ONLY,1
BTCUSDm,BUY,2026-04-16 09:10:00,74756.8,74640.28071428572,-3.506,SL,2026-04-16 09:45:00,48.48,5,UPTREND,BUY_ONLY,1
BTCUSDm,BUY,2026-04-16 09:30:00,74782.88,74654.00214285715,-3.876,SL,2026-04-16 09:45:00,49.74,5,UPTREND,BUY_ONLY,2
BTCUSDm,BUY,2026-04-16 09:40:00,74718.79,74656.22857142858,-1.886,SL,2026-04-16 09:45:00,44.31,5,UPTREND,BUY_ONLY,3
BTCUSDm,BUY,2026-04-17 02:00:00,74808.22,74779.17357142858,-0.876,SL,2026-04-17 02:05:00,46.38,5,UPTREND,BUY_ONLY,1
BTCUSDm,BUY,2026-04-17 02:35:00,74729.2,74696.7692857143,-0.976,SL,2026-04-17 02:40:00,46.32,5,UPTREND,BUY_ONLY,1
BTCUSDm,BUY,2026-04-17 02:55:00,74722.65,74683.80785714286,-1.176,SL,2026-04-17 03:00:00,47.25,5,UPTREND,BUY_ONLY,1
BTCUSDm,BUY,2026-04-17 03:15:00,74711.53,74607.45642857143,-3.126,SL,2026-04-17 04:00:00,47.73,5,UPTREND,BUY_ONLY,2
BTCUSDm,BUY,2026-04-17 03:20:00,74734.02,74613.71571428572,-3.6159999999999997,SL,2026-04-17 04:00:00,49.42,5,UPTREND,BUY_ONLY,3
BTCUSDm,BUY,2026-04-17 03:10:00,74709.3,74583.10071428571,-3.796,SL,2026-04-17 05:10:00,47.54,5,UPTREND,BUY_ONLY,1
BTCUSDm,BUY,2026-04-17 06:05:00,74678.19,74816.16000000003,4.1339999999999995,TP,2026-04-17 06:15:00,46.74,5,UPTREND,BUY_ONLY,2
BTCUSDm,BUY,2026-04-17 06:00:00,74702.9,74860.84285714285,4.734,TP,2026-04-17 06:40:00,49.0,5,UPTREND,BUY_ONLY,1
BTCUSDm,BUY,2026-04-18 02:00:00,77189.66,77338.10857142857,4.444,TP,2026-04-18 02:15:00,46.14,6,UPTREND,BUY_ONLY,1
BTCUSDm,BUY,2026-04-18 03:15:00,77269.79,77244.08285714286,-0.776,SL,2026-04-18 03:20:00,47.37,6,UPTREND,BUY_ONLY,2
BTCUSDm,BUY,2026-04-18 03:10:00,77285.26,77233.59142857142,-1.556,SL,2026-04-18 03:25:00,49.06,6,UPTREND,BUY_ONLY,1
BTCUSDm,BUY,2026-04-18 04:35:00,77076.35,77075.57571428572,-0.026000000000000002,SL,2026-04-18 04:40:00,42.5,5,UPTREND,BUY_ONLY,1
BTCUSDm,BUY,2026-04-18 04:50:00,77125.83,77276.8685714286,4.524,TP,2026-04-18 05:10:00,49.1,5,UPTREND,BUY_ONLY,1
BTCUSDm,SELL,2026-04-19 03:35:00,75598.63,75671.61857142857,-2.1959999999999997,SL,2026-04-19 03:50:00,51.38,7,DOWNTREND,BOTH,1
BTCUSDm,SELL,2026-04-19 03:40:00,75633.85,75664.03285714285,-0.916,SL,2026-04-19 03:50:00,54.29,7,DOWNTREND,BOTH,2
BTCUSDm,SELL,2026-04-19 03:45:00,75652.96,75655.035,-0.066,SL,2026-04-19 03:50:00,55.9,7,DOWNTREND,BOTH,3
BTCUSDm,SELL,2026-04-19 04:00:00,75621.86,75634.59857142858,-0.386,SL,2026-04-19 04:05:00,52.38,7,DOWNTREND,BOTH,1
BTCUSDm,SELL,2026-04-19 04:45:00,75650.64,75662.05071428572,-0.34600000000000003,SL,2026-04-19 04:50:00,51.79,7,DOWNTREND,BOTH,1
BTCUSDm,SELL,2026-04-19 05:35:00,75663.3,75622.84428571428,1.204,TP,2026-04-19 05:45:00,53.76,7,DOWNTREND,BOTH,1
BTCUSDm,SELL,2026-04-19 05:45:00,75629.87,75567.41714285713,1.864,TP,2026-04-19 05:55:00,50.16,7,DOWNTREND,BOTH,1
BTCUSDm,SELL,2026-04-19 10:45:00,75154.14,75181.46857142857,-0.826,SL,2026-04-19 10:50:00,51.92,5,DOWNTREND,BOTH,1
BTCUSDm,SELL,2026-04-20 02:10:00,74424.15,74562.41785714286,-4.156000000000001,SL,2026-04-20 03:20:00,50.81,5,DOWNTREND,BOTH,1
BTCUSDm,SELL,2026-04-20 02:20:00,74467.38,74571.64714285714,-3.1359999999999997,SL,2026-04-20 03:20:00,53.02,5,DOWNTREND,BOTH,2
BTCUSDm,SELL,2026-04-20 02:25:00,74480.33,74587.33357142856,-3.2159999999999997,SL,2026-04-20 03:20:00,53.65,5,DOWNTREND,BOTH,3
BTCUSDm,SELL,2026-04-20 03:30:00,74544.81,74604.43357142857,-1.796,SL,2026-04-20 03:40:00,56.01,5,DOWNTREND,BOTH,1
BTCUSDm,SELL,2026-04-20 03:35:00,74557.45,74599.01642857143,-1.256,SL,2026-04-20 03:40:00,57.04,5,DOWNTREND,BOTH,2
BTCUSDm,SELL,2026-04-20 04:00:00,74586.16,74587.48142857142,-0.046,SL,2026-04-20 04:05:00,55.77,5,DOWNTREND,BOTH,1
BTCUSDm,SELL,2026-04-20 04:30:00,74553.87,74510.7071428571,1.284,TP,2026-04-20 04:35:00,53.2,5,DOWNTREND,BOTH,2
BTCUSDm,SELL,2026-04-20 04:25:00,74530.65,74604.65857142858,-2.226,SL,2026-04-20 04:45:00,50.96,5,DOWNTREND,BOTH,1
BTCUSDm,SELL,2026-04-20 04:55:00,74585.07,74525.06714285715,1.794,TP,2026-04-20 05:00:00,55.05,5,DOWNTREND,BOTH,1
BTCUSDm,SELL,2026-04-20 06:00:00,74404.85,74344.18285714288,1.814,TP,2026-04-20 06:10:00,51.94,6,DOWNTREND,BOTH,1
BTCUSDm,SELL,2026-04-20 06:05:00,74396.12,74311.01571428572,2.544,TP,2026-04-20 06:10:00,51.48,6,DOWNTREND,BOTH,2
BTCUSDm,SELL,2026-04-20 06:15:00,74433.88,74425.00714285715,0.264,TP,2026-04-20 06:20:00,54.01,6,DOWNTREND,BOTH,1
BTCUSDm,SELL,2026-04-20 06:20:00,74383.39,74432.76857142856,-1.486,SL,2026-04-20 06:30:00,50.3,6,DOWNTREND,BOTH,1
BTCUSDm,SELL,2026-04-20 07:45:00,74885.85,74875.03285714288,0.314,TP,2026-04-20 07:50:00,55.01,5,DOWNTREND,BOTH,1
BTCUSDm,SELL,2026-04-20 07:55:00,74859.46,74827.52571428574,0.954,TP,2026-04-20 08:00:00,53.51,5,DOWNTREND,BOTH,1
BTCUSDm,SELL,2026-04-20 09:10:00,75066.1,75104.01714285715,-1.146,SL,2026-04-20 09:15:00,60.39,6,DOWNTREND,BOTH,1
BTCUSDm,BUY,2026-04-21 04:15:00,75623.42,75758.02285714286,4.034,TP,2026-04-21 04:45:00,43.26,5,UPTREND,BUY_ONLY,3
BTCUSDm,BUY,2026-04-21 04:10:00,75634.1,75788.03142857144,4.614,TP,2026-04-21 04:50:00,43.96,5,UPTREND,BUY_ONLY,2
BTCUSDm,BUY,2026-04-21 04:05:00,75666.32,75920.66142857145,7.624,TP,2026-04-21 05:05:00,46.22,5,UPTREND,BUY_ONLY,1
BTCUSDm,BUY,2026-04-21 06:00:00,75782.76,75797.41714285711,0.434,TP,2026-04-21 06:05:00,47.14,6,UPTREND,BUY_ONLY,1
BTCUSDm,BUY,2026-04-21 06:05:00,75789.35,75786.18214285714,-0.10600000000000001,SL,2026-04-21 06:10:00,47.76,6,UPTREND,BUY_ONLY,1
BTCUSDm,BUY,2026-04-22 08:30:00,77979.07,78162.3842857143,5.494,TP,2026-04-22 09:25:00,48.97,5,UPTREND,BUY_ONLY,2
BTCUSDm,BUY,2026-04-22 08:35:00,77976.3,78151.35714285714,5.244,TP,2026-04-22 09:25:00,48.8,5,UPTREND,BUY_ONLY,3
BTCUSDm,BUY,2026-04-22 08:25:00,77975.8,78186.46571428572,6.314,TP,2026-04-22 09:40:00,48.74,5,UPTREND,BUY_ONLY,1
BTCUSDm,BUY,2026-04-22 10:00:00,77980.06,78052.52428571426,2.164,TP,2026-04-22 10:15:00,45.17,5,UPTREND,BUY_ONLY,3
BTCUSDm,BUY,2026-04-22 09:50:00,78007.76,78137.17999999998,3.874,TP,2026-04-22 10:30:00,47.32,5,UPTREND,BUY_ONLY,1
BTCUSDm,BUY,2026-04-22 09:55:00,78004.48,78124.49428571427,3.5940000000000003,TP,2026-04-22 10:30:00,47.11,5,UPTREND,BUY_ONLY,2
BTCUSDm,BUY,2026-04-22 10:15:00,78024.97,78210.05571428573,5.544,TP,2026-04-22 11:00:00,49.5,5,UPTREND,BUY_ONLY,3
BTCUSDm,BUY,2026-04-23 05:25:00,77913.16,77813.425,-2.996,SL,2026-04-23 05:30:00,49.19,7,UPTREND,BUY_ONLY,1
BTCUSDm,BUY,2026-04-23 05:40:00,77889.71,78045.22428571431,4.664,TP,2026-04-23 05:50:00,48.5,7,UPTREND,BUY_ONLY,1
BTCUSDm,BUY,2026-04-23 07:40:00,78122.06,78100.80285714286,-0.646,SL,2026-04-23 07:45:00,48.32,5,UPTREND,BUY_ONLY,1
BTCUSDm,BUY,2026-04-23 07:55:00,78074.17,78072.50214285713,-0.056,SL,2026-04-23 08:00:00,45.49,5,UPTREND,BUY_ONLY,1
BTCUSDm,BUY,2026-04-23 08:20:00,78014.36,77975.86571428571,-1.156,SL,2026-04-23 08:30:00,42.35,5,UPTREND,BUY_ONLY,1
BTCUSDm,BUY,2026-04-23 08:25:00,78002.0,77957.02357142857,-1.356,SL,2026-04-23 08:30:00,42.11,5,UPTREND,BUY_ONLY,2
BTCUSDm,BUY,2026-04-24 02:25:00,78278.77,78326.88428571432,1.434,TP,2026-04-24 02:30:00,49.7,7,UPTREND,BUY_ONLY,2
BTCUSDm,BUY,2026-04-24 02:20:00,78278.27,78351.09000000004,2.1740000000000004,TP,2026-04-24 02:35:00,49.71,7,UPTREND,BUY_ONLY,1
BTCUSDm,BUY,2026-04-24 05:20:00,77597.25,77692.39285714284,2.8440000000000003,TP,2026-04-24 05:30:00,38.57,6,UPTREND,BUY_ONLY,1
BTCUSDm,BUY,2026-04-24 06:55:00,77803.31,77795.23357142857,-0.246,SL,2026-04-24 07:00:00,47.26,5,UPTREND,BUY_ONLY,1
BTCUSDm,BUY,2026-04-24 08:40:00,77763.59,77852.77571428567,2.6740000000000004,TP,2026-04-24 08:45:00,49.06,5,UPTREND,BUY_ONLY,1
BTCUSDm,BUY,2026-04-25 04:35:00,77622.69,77619.65214285714,-0.096,SL,2026-04-25 04:40:00,46.56,5,UPTREND,BUY_ONLY,1
BTCUSDm,BUY,2026-04-26 02:00:00,77505.88,77598.97142857144,2.7840000000000003,TP,2026-04-26 02:15:00,45.36,5,DOWNTREND,BOTH,1
BTCUSDm,SELL,2026-04-26 02:10:00,77577.47,77507.64714285714,2.084,TP,2026-04-26 02:45:00,54.59,5,DOWNTREND,BOTH,3
BTCUSDm,BUY,2026-04-26 02:05:00,77532.12,77467.42357142858,-1.946,SL,2026-04-26 03:25:00,49.01,5,DOWNTREND,BOTH,2
BTCUSDm,SELL,2026-04-26 02:15:00,77566.24,77465.17142857144,3.024,TP,2026-04-26 03:25:00,52.99,5,DOWNTREND,BOTH,3
BTCUSDm,BUY,2026-04-26 02:45:00,77510.31,77467.21071428571,-1.296,SL,2026-04-26 03:25:00,43.92,5,DOWNTREND,BOTH,3
BTCUSDm,BUY,2026-04-26 10:45:00,77994.98,78083.1014285714,2.6340000000000003,TP,2026-04-26 11:10:00,44.55,5,UPTREND,BUY_ONLY,3
BTCUSDm,BUY,2026-04-26 10:40:00,78001.42,78108.12571428569,3.1940000000000004,TP,2026-04-26 11:20:00,45.75,5,UPTREND,BUY_ONLY,2
BTCUSDm,BUY,2026-04-26 10:35:00,78015.36,78142.47571428573,3.8040000000000003,TP,2026-04-26 11:25:00,48.33,5,UPTREND,BUY_ONLY,1
BTCUSDm,BUY,2026-04-27 03:55:00,79117.61,79078.36642857142,-1.186,SL,2026-04-27 04:00:00,47.72,5,UPTREND,BUY_ONLY,1
BTCUSDm,BUY,2026-04-27 04:35:00,79110.34,79070.48071428572,-1.206,SL,2026-04-27 04:45:00,49.25,5,DOWNTREND,BOTH,2
BTCUSDm,SELL,2026-04-27 04:25:00,79137.58,78909.37000000001,6.843999999999999,TP,2026-04-27 04:55:00,51.0,5,DOWNTREND,BOTH,1
BTCUSDm,BUY,2026-04-27 08:05:00,77625.35,77667.62571428574,1.264,TP,2026-04-27 08:15:00,38.05,6,DOWNTREND,BOTH,1
BTCUSDm,BUY,2026-04-27 08:25:00,77588.96,77771.20285714288,5.4639999999999995,TP,2026-04-27 08:50:00,36.9,6,UPTREND,BUY_ONLY,1
BTCUSDm,BUY,2026-04-27 09:20:00,77706.84,77871.9,4.944,TP,2026-04-27 09:30:00,46.49,5,UPTREND,BUY_ONLY,1
BTCUSDm,BUY,2026-04-27 10:10:00,77815.96,77713.73785714284,-3.0759999999999996,SL,2026-04-27 12:25:00,49.65,5,UPTREND,BUY_ONLY,1
BTCUSDm,BUY,2026-04-27 10:20:00,77800.62,77723.96785714285,-2.3059999999999996,SL,2026-04-27 12:25:00,48.49,5,UPTREND,BUY_ONLY,2
BTCUSDm,SELL,2026-04-28 04:10:00,76880.01,76882.67642857143,-0.08600000000000001,SL,2026-04-28 04:15:00,50.4,6,DOWNTREND,BOTH,1
BTCUSDm,SELL,2026-04-28 04:50:00,76898.38,76903.29285714285,-0.156,SL,2026-04-28 04:55:00,53.37,6,DOWNTREND,BOTH,1
BTCUSDm,SELL,2026-04-28 05:10:00,76954.59,76956.04714285715,-0.046,SL,2026-04-28 05:15:00,56.49,6,DOWNTREND,BOTH,1
BTCUSDm,SELL,2026-04-28 05:50:00,76937.54,76954.79785714287,-0.526,SL,2026-04-28 05:55:00,52.63,5,DOWNTREND,BOTH,1
BTCUSDm,SELL,2026-04-28 06:15:00,76961.49,76913.28714285717,1.444,TP,2026-04-28 06:20:00,53.26,5,DOWNTREND,BOTH,1
BTCUSDm,SELL,2026-04-28 09:10:00,76822.13,76799.98285714287,0.654,TP,2026-04-28 09:15:00,50.27,7,DOWNTREND,BOTH,1
BTCUSDm,SELL,2026-04-28 09:15:00,76831.55,76763.06142857143,2.044,TP,2026-04-28 09:20:00,50.99,7,DOWNTREND,BOTH,1
BTCUSDm,BUY,2026-04-29 02:40:00,76411.74,76490.43000000001,2.354,TP,2026-04-29 02:50:00,49.23,6,UPTREND,BUY_ONLY,1
BTCUSDm,BUY,2026-04-29 07:10:00,77077.93,77076.86214285715,-0.036,SL,2026-04-29 07:15:00,49.45,5,UPTREND,BUY_ONLY,1
BTCUSDm,BUY,2026-04-29 08:00:00,77014.45,77004.38857142857,-0.306,SL,2026-04-29 08:05:00,43.13,5,UPTREND,BUY_ONLY,1
BTCUSDm,BUY,2026-04-29 08:30:00,76977.17,77066.69285714284,2.684,TP,2026-04-29 09:15:00,41.12,5,UPTREND,BUY_ONLY,1
BTCUSDm,BUY,2026-04-29 08:35:00,77009.35,77170.63857142857,4.834,TP,2026-04-29 09:30:00,45.08,5,UPTREND,BUY_ONLY,2
BTCUSDm,BUY,2026-04-29 08:40:00,77050.67,77264.69285714284,6.414,TP,2026-04-29 09:35:00,49.75,5,UPTREND,BUY_ONLY,3
BTCUSDm,SELL,2026-04-30 02:20:00,76215.53,76169.4142857143,1.3739999999999999,TP,2026-04-30 02:25:00,54.08,5,DOWNTREND,BOTH,1
BTCUSDm,SELL,2026-04-30 09:15:00,76037.39,76075.28,-1.146,SL,2026-04-30 09:25:00,55.65,6,DOWNTREND,BOTH,1
BTCUSDm,SELL,2026-04-30 09:20:00,76034.22,76123.5,-2.686,SL,2026-04-30 09:25:00,55.09,6,DOWNTREND,BOTH,2
BTCUSDm,SELL,2026-04-30 09:35:00,76210.18,76191.28857142854,0.564,TP,2026-04-30 09:40:00,69.96,10,DOWNTREND,BOTH,1
BTCUSDm,SELL,2026-04-30 09:45:00,76128.61,75881.96714285716,7.394,TP,2026-04-30 11:40:00,57.11,6,DOWNTREND,BOTH,2
BTCUSDm,SELL,2026-04-30 09:50:00,76119.45,75842.99714285713,8.283999999999999,TP,2026-04-30 11:45:00,56.36,6,DOWNTREND,BOTH,3
BTCUSDm,SELL,2026-04-30 09:40:00,76044.41,76239.94857142857,-5.876,SL,2026-04-30 12:20:00,50.75,6,DOWNTREND,BOTH,1
BTCUSDm,BUY,2026-05-01 02:50:00,76540.04,76521.74214285715,-0.556,SL,2026-05-01 02:55:00,48.94,6,UPTREND,BUY_ONLY,1
BTCUSDm,BUY,2026-05-01 06:35:00,77033.7,76995.08214285715,-1.166,SL,2026-05-01 06:40:00,45.06,5,UPTREND,BUY_ONLY,1
BTCUSDm,BUY,2026-05-01 06:50:00,76974.37,77027.0857142857,1.574,TP,2026-05-01 06:55:00,40.64,5,UPTREND,BUY_ONLY,1
BTCUSDm,BUY,2026-05-01 06:55:00,76956.51,76933.335,-0.706,SL,2026-05-01 07:00:00,38.97,7,UPTREND,BUY_ONLY,1
BTCUSDm,BUY,2026-05-01 07:10:00,77008.67,77213.74285714286,6.144,TP,2026-05-01 08:10:00,46.66,5,UPTREND,BUY_ONLY,1
BTCUSDm,BUY,2026-05-01 07:15:00,77020.07,77260.93285714288,7.224,TP,2026-05-01 08:15:00,47.91,5,UPTREND,BUY_ONLY,2
BTCUSDm,BUY,2026-05-01 07:20:00,77014.36,77249.26714285715,7.044,TP,2026-05-01 08:15:00,47.39,5,UPTREND,BUY_ONLY,3
BTCUSDm,BUY,2026-05-01 10:35:00,77231.56,77287.36857142858,1.664,TP,2026-05-01 10:55:00,48.13,5,UPTREND,BUY_ONLY,1
BTCUSDm,BUY,2026-05-01 10:40:00,77229.74,77276.59857142858,1.404,TP,2026-05-01 10:55:00,47.95,5,UPTREND,BUY_ONLY,2
BTCUSDm,BUY,2026-05-01 10:50:00,77251.75,77330.27285714287,2.354,TP,2026-05-01 11:15:00,49.92,5,UPTREND,BUY_ONLY,3
BTCUSDm,BUY,2026-05-02 02:05:00,78284.94,78332.46285714285,1.424,TP,2026-05-02 02:15:00,48.52,6,UPTREND,BUY_ONLY,1
BTCUSDm,BUY,2026-05-02 02:10:00,78278.33,78314.67285714285,1.084,TP,2026-05-02 02:15:00,47.78,6,UPTREND,BUY_ONLY,2
BTCUSDm,BUY,2026-05-02 02:30:00,78274.03,78285.78285714283,0.344,TP,2026-05-02 02:35:00,47.33,6,UPTREND,BUY_ONLY,1
BTCUSDm,BUY,2026-05-02 05:50:00,78190.84,78178.6142857143,-0.376,SL,2026-05-02 05:55:00,47.87,5,UPTREND,BUY_ONLY,1
BTCUSDm,BUY,2026-05-02 06:20:00,78153.21,78244.43714285716,2.7340000000000004,TP,2026-05-02 06:45:00,43.42,5,UPTREND,BUY_ONLY,3
BTCUSDm,BUY,2026-05-02 07:40:00,78233.19,78214.15857142858,-0.576,SL,2026-05-02 07:45:00,46.94,6,UPTREND,BUY_ONLY,3
BTCUSDm,BUY,2026-05-02 06:10:00,78185.94,78379.48857142858,5.803999999999999,TP,2026-05-02 09:35:00,47.35,5,UPTREND,BUY_ONLY,1
BTCUSDm,BUY,2026-05-02 06:15:00,78189.94,78379.63428571427,5.684,TP,2026-05-02 09:35:00,47.9,5,UPTREND,BUY_ONLY,2
BTCUSDm,BUY,2026-05-02 10:10:00,78278.1,78274.75428571428,-0.10600000000000001,SL,2026-05-02 10:15:00,46.8,6,UPTREND,BUY_ONLY,1
BTCUSDm,BUY,2026-05-04 07:00:00,79862.4,79820.83571428571,-1.256,SL,2026-05-04 07:10:00,45.43,5,UPTREND,BUY_ONLY,1
BTCUSDm,BUY,2026-05-04 07:05:00,79851.76,79758.78214285715,-2.796,SL,2026-05-04 07:30:00,44.83,5,UPTREND,BUY_ONLY,2
BTCUSDm,BUY,2026-05-04 07:20:00,79830.28,79757.83714285714,-2.1759999999999997,SL,2026-05-04 07:30:00,43.71,5,UPTREND,BUY_ONLY,2
BTCUSDm,BUY,2026-05-04 07:25:00,79838.09,79769.71285714285,-2.0559999999999996,SL,2026-05-04 07:30:00,44.41,5,UPTREND,BUY_ONLY,3
BTCUSDm,BUY,2026-05-04 07:40:00,79845.55,79733.54285714285,-3.3659999999999997,SL,2026-05-04 07:50:00,47.69,5,UPTREND,BUY_ONLY,1
BTCUSDm,BUY,2026-05-04 07:45:00,79831.15,79732.92142857143,-2.956,SL,2026-05-04 07:50:00,46.77,5,UPTREND,BUY_ONLY,2
BTCUSDm,BUY,2026-05-04 08:05:00,79711.44,79650.71642857142,-1.826,SL,2026-05-04 08:20:00,42.09,5,UPTREND,BUY_ONLY,1
BTCUSDm,BUY,2026-05-04 08:10:00,79779.53,79661.58071428571,-3.546,SL,2026-05-04 08:20:00,47.0,5,UPTREND,BUY_ONLY,2
BTCUSDm,BUY,2026-05-04 08:15:00,79766.97,79665.41642857142,-3.0559999999999996,SL,2026-05-04 08:20:00,46.25,5,UPTREND,BUY_ONLY,3
BTCUSDm,BUY,2026-05-04 08:30:00,79682.93,79641.94142857142,-1.236,SL,2026-05-04 08:50:00,42.16,5,UPTREND,BUY_ONLY,1
BTCUSDm,BUY,2026-05-04 08:35:00,79707.29,79638.63285714285,-2.066,SL,2026-05-04 08:50:00,44.14,5,UPTREND,BUY_ONLY,2
BTCUSDm,BUY,2026-05-04 08:40:00,79705.45,79631.615,-2.226,SL,2026-05-04 08:50:00,44.06,5,UPTREND,BUY_ONLY,3
BTCUSDm,BUY,2026-05-05 07:45:00,80951.07,80867.82857142857,-2.506,SL,2026-05-05 07:55:00,49.94,5,UPTREND,BUY_ONLY,1
BTCUSDm,BUY,2026-05-05 07:50:00,80875.2,80871.14785714286,-0.126,SL,2026-05-05 07:55:00,44.91,5,UPTREND,BUY_ONLY,2
BTCUSDm,BUY,2026-05-05 10:05:00,80670.89,80719.77571428572,1.464,TP,2026-05-05 10:20:00,46.19,5,UPTREND,BUY_ONLY,1
BTCUSDm,BUY,2026-05-05 10:50:00,80723.57,80929.00285714288,6.154,TP,2026-05-05 11:10:00,49.37,5,UPTREND,BUY_ONLY,1
BTCUSDm,BUY,2026-05-06 04:25:00,81425.66,81400.37285714285,-0.766,SL,2026-05-06 04:30:00,48.58,6,UPTREND,BUY_ONLY,1
BTCUSDm,BUY,2026-05-06 06:15:00,81261.11,81339.12714285716,2.334,TP,2026-05-06 06:25:00,46.85,5,UPTREND,BUY_ONLY,1
BTCUSDm,BUY,2026-05-06 07:40:00,81400.09,81343.21642857142,-1.716,SL,2026-05-06 07:50:00,48.84,6,UPTREND,BUY_ONLY,1
BTCUSDm,BUY,2026-05-06 07:45:00,81413.0,81351.27785714285,-1.856,SL,2026-05-06 07:50:00,49.88,6,UPTREND,BUY_ONLY,2
BTCUSDm,SELL,2026-05-08 05:00:00,79659.96,79660.18999999999,-0.016,SL,2026-05-08 05:05:00,53.11,5,DOWNTREND,BOTH,1
BTCUSDm,SELL,2026-05-08 05:30:00,79678.57,79731.84,-1.606,SL,2026-05-08 05:40:00,55.83,5,DOWNTREND,BOTH,1
BTCUSDm,SELL,2026-05-08 05:35:00,79709.14,79727.13857142857,-0.546,SL,2026-05-08 05:40:00,58.7,5,DOWNTREND,BOTH,2
BTCUSDm,SELL,2026-05-08 05:50:00,79666.22,79549.97571428571,3.4840000000000004,TP,2026-05-08 06:00:00,52.46,5,DOWNTREND,BOTH,1
BTCUSDm,BUY,2026-05-08 10:05:00,79790.28,79857.81714285712,2.024,TP,2026-05-08 10:15:00,47.96,5,UPTREND,BUY_ONLY,1
BTCUSDm,BUY,2026-05-08 10:10:00,79793.24,79863.30714285716,2.0940000000000003,TP,2026-05-08 10:15:00,48.12,5,UPTREND,BUY_ONLY,2
BTCUSDm,BUY,2026-05-09 10:30:00,80249.25,80327.48285714287,2.3440000000000003,TP,2026-05-09 10:40:00,48.55,5,DOWNTREND,BOTH,1
BTCUSDm,BUY,2026-05-09 10:45:00,80252.82,80392.13571428575,4.1739999999999995,TP,2026-05-09 12:25:00,48.32,5,DOWNTREND,BOTH,1
BTCUSDm,BUY,2026-05-09 10:55:00,80256.86,80397.67714285715,4.2139999999999995,TP,2026-05-09 12:25:00,48.76,5,DOWNTREND,BOTH,2
BTCUSDm,BUY,2026-05-10 02:00:00,80628.88,80586.11071428572,-1.286,SL,2026-05-10 02:05:00,47.05,5,DOWNTREND,BOTH,1
BTCUSDm,BUY,2026-05-10 02:15:00,80627.98,80692.25857142855,1.924,TP,2026-05-10 02:25:00,47.66,5,DOWNTREND,BOTH,1
BTCUSDm,SELL,2026-05-10 02:20:00,80683.86,80702.11285714286,-0.556,SL,2026-05-10 02:25:00,56.31,5,DOWNTREND,BOTH,2
BTCUSDm,BUY,2026-05-10 04:40:00,80750.47,80729.07714285715,-0.646,SL,2026-05-10 04:45:00,49.71,6,DOWNTREND,BOTH,1
BTCUSDm,BUY,2026-05-10 05:40:00,80722.0,80708.66357142858,-0.406,SL,2026-05-10 05:45:00,44.74,6,DOWNTREND,BOTH,1
BTCUSDm,BUY,2026-05-10 06:05:00,80713.0,80711.30357142858,-0.056,SL,2026-05-10 06:10:00,46.06,5,DOWNTREND,BOTH,1
BTCUSDm,BUY,2026-05-10 06:35:00,80687.23,80672.83142857143,-0.436,SL,2026-05-10 06:40:00,45.22,5,DOWNTREND,BOTH,1
BTCUSDm,BUY,2026-05-10 07:10:00,80717.92,80792.00857142858,2.2140000000000004,TP,2026-05-10 08:10:00,49.82,5,DOWNTREND,BOTH,1
BTCUSDm,BUY,2026-05-10 07:55:00,80720.52,80804.59571428572,2.5140000000000002,TP,2026-05-10 08:10:00,46.64,6,UPTREND,BUY_ONLY,3
BTCUSDm,BUY,2026-05-10 07:50:00,80735.71,80858.83571428574,3.684,TP,2026-05-10 08:25:00,49.88,6,UPTREND,BUY_ONLY,2
BTCUSDm,BUY,2026-05-10 09:30:00,80786.43,80772.78642857143,-0.416,SL,2026-05-10 09:35:00,47.87,6,UPTREND,BUY_ONLY,1
BTCUSDm,BUY,2026-05-10 10:45:00,80778.31,80863.6457142857,2.5540000000000003,TP,2026-05-10 10:50:00,49.58,6,UPTREND,BUY_ONLY,1
BTCUSDm,BUY,2026-05-11 02:00:00,81502.38,81356.53142857143,-4.386,SL,2026-05-11 02:05:00,45.37,5,UPTREND,BUY_ONLY,1
BTCUSDm,BUY,2026-05-11 06:40:00,80812.66,80737.84928571427,-2.246,SL,2026-05-11 06:45:00,45.54,5,UPTREND,BUY_ONLY,3
BTCUSDm,BUY,2026-05-11 06:00:00,80845.44,80731.40428571429,-3.4259999999999997,SL,2026-05-11 07:00:00,49.58,5,UPTREND,BUY_ONLY,1
BTCUSDm,BUY,2026-05-11 06:55:00,80808.1,80763.52285714285,-1.346,SL,2026-05-11 07:00:00,46.03,5,UPTREND,BUY_ONLY,3
BTCUSDm,BUY,2026-05-11 06:15:00,80847.04,80720.48999999999,-3.8059999999999996,SL,2026-05-11 07:05:00,49.44,5,UPTREND,BUY_ONLY,2
BTCUSDm,BUY,2026-05-12 05:30:00,81184.3,81095.63642857142,-2.666,SL,2026-05-12 06:30:00,49.18,5,UPTREND,BUY_ONLY,1
BTCUSDm,BUY,2026-05-12 05:55:00,81198.22,81104.97714285714,-2.8059999999999996,SL,2026-05-12 06:30:00,49.63,5,UPTREND,BUY_ONLY,2
BTCUSDm,BUY,2026-05-13 05:20:00,81125.03,81096.37928571428,-0.866,SL,2026-05-13 05:25:00,48.86,5,UPTREND,BUY_ONLY,1
BTCUSDm,BUY,2026-05-13 06:20:00,81047.73,81024.915,-0.686,SL,2026-05-13 06:25:00,45.69,5,UPTREND,BUY_ONLY,1
BTCUSDm,BUY,2026-05-13 06:35:00,81043.06,81014.57357142855,-0.856,SL,2026-05-13 06:40:00,45.96,5,UPTREND,BUY_ONLY,1
BTCUSDm,BUY,2026-05-13 07:00:00,80986.57,80942.79857142858,-1.316,SL,2026-05-13 07:15:00,42.0,5,UPTREND,BUY_ONLY,1
BTCUSDm,BUY,2026-05-13 07:05:00,80989.09,80942.75285714286,-1.396,SL,2026-05-13 07:15:00,42.26,5,UPTREND,BUY_ONLY,2
BTCUSDm,BUY,2026-05-13 07:10:00,80981.16,80947.33214285714,-1.016,SL,2026-05-13 07:15:00,41.47,5,UPTREND,BUY_ONLY,3
BTCUSDm,BUY,2026-05-13 08:05:00,80961.9,80947.17642857143,-0.446,SL,2026-05-13 08:10:00,46.98,7,UPTREND,BUY_ONLY,1
BTCUSDm,BUY,2026-05-13 08:30:00,80971.09,81106.31714285712,4.053999999999999,TP,2026-05-13 08:40:00,47.52,5,UPTREND,BUY_ONLY,1
BTCUSDm,BUY,2026-05-13 10:15:00,81085.26,81075.50142857143,-0.296,SL,2026-05-13 10:20:00,45.72,5,UPTREND,BUY_ONLY,1
BTCUSDm,SELL,2026-05-14 02:00:00,79577.25,79377.88999999998,5.974,TP,2026-05-14 02:45:00,56.86,5,DOWNTREND,BOTH,1
BTCUSDm,SELL,2026-05-14 02:05:00,79620.03,79508.38571428569,3.3440000000000003,TP,2026-05-14 02:45:00,60.06,7,DOWNTREND,BOTH,2
BTCUSDm,SELL,2026-05-14 02:10:00,79549.9,79324.59285714282,6.754,TP,2026-05-14 02:50:00,53.12,5,DOWNTREND,BOTH,3
XAUUSDm,BUY,2026-02-11 04:40:00,5052.365,5051.080285714285,-3.856,SL,2026-02-11 04:45:00,47.81,6,N/A,BOTH,1
XAUUSDm,BUY,2026-02-12 01:00:00,5051.759,5046.799071428572,-14.886000000000001,SL,2026-02-12 01:10:00,34.5,6,N/A,BOTH,1
XAUUSDm,BUY,2026-02-12 01:05:00,5053.933,5046.808285714285,-21.376,SL,2026-02-12 01:10:00,37.47,6,N/A,BOTH,2
XAUUSDm,BUY,2026-02-19 02:55:00,4968.32,4975.655714285713,22.004,TP,2026-02-19 03:30:00,44.98,6,N/A,BOTH,2
XAUUSDm,BUY,2026-02-19 03:00:00,4967.613,4972.562714285715,14.844,TP,2026-02-19 03:30:00,43.79,6,N/A,BOTH,3
XAUUSDm,BUY,2026-02-19 02:30:00,4970.628,4983.803714285713,39.524,TP,2026-02-19 04:10:00,49.71,6,N/A,BOTH,1
XAUUSDm,BUY,2026-02-20 01:25:00,4999.752,4998.047500000001,-5.1160000000000005,SL,2026-02-20 01:30:00,49.84,6,N/A,BOTH,1
XAUUSDm,BUY,2026-02-20 01:40:00,4997.626,4997.151142857143,-1.426,SL,2026-02-20 01:45:00,47.28,6,N/A,BOTH,1
XAUUSDm,BUY,2026-02-20 02:10:00,4996.945,4995.749928571428,-3.5959999999999996,SL,2026-02-20 02:15:00,46.48,6,N/A,BOTH,1
XAUUSDm,BUY,2026-02-20 08:10:00,5012.256,5012.166714285714,-0.276,SL,2026-02-20 08:15:00,48.25,7,N/A,BOTH,1
XAUUSDm,BUY,2026-02-23 06:25:00,5152.577,5155.775000000001,9.584,TP,2026-02-23 06:30:00,39.34,7,N/A,BOTH,1
XAUUSDm,BUY,2026-02-23 06:50:00,5148.679,5148.598785714286,-0.246,SL,2026-02-23 06:55:00,38.61,7,N/A,BOTH,1
XAUUSDm,BUY,2026-02-24 06:30:00,5166.442,5166.347785714285,-0.28600000000000003,SL,2026-02-24 06:35:00,38.57,7,N/A,BOTH,1
XAUUSDm,BUY,2026-02-25 02:50:00,5176.01,5178.370000000001,7.074,TP,2026-02-25 02:55:00,49.12,6,N/A,BOTH,1
XAUUSDm,BUY,2026-02-25 03:50:00,5179.48,5172.920714285715,-19.686,SL,2026-02-25 04:10:00,48.35,6,N/A,BOTH,1
XAUUSDm,BUY,2026-02-25 04:05:00,5174.964,5172.428785714285,-7.6160000000000005,SL,2026-02-25 04:10:00,43.27,6,N/A,BOTH,2
XAUUSDm,BUY,2026-02-25 07:50:00,5182.249,5186.177428571427,11.783999999999999,TP,2026-02-25 08:00:00,39.6,7,N/A,BOTH,1
XAUUSDm,BUY,2026-02-26 05:45:00,5193.738,5196.840714285715,9.304,TP,2026-02-26 05:55:00,47.89,6,N/A,BOTH,1
XAUUSDm,BUY,2026-02-26 05:50:00,5194.102,5198.580714285715,13.434,TP,2026-02-26 05:55:00,48.68,6,N/A,BOTH,2
XAUUSDm,BUY,2026-02-26 06:00:00,5193.721,5199.1382857142835,16.244,TP,2026-02-26 06:05:00,48.03,6,N/A,BOTH,1
XAUUSDm,BUY,2026-02-26 06:25:00,5193.681,5190.911214285714,-8.316,SL,2026-02-26 06:55:00,47.09,6,N/A,BOTH,1
XAUUSDm,BUY,2026-02-26 07:30:00,5185.953,5188.9202857142855,8.894,TP,2026-02-26 07:40:00,38.38,7,N/A,BOTH,1
XAUUSDm,BUY,2026-02-26 07:50:00,5183.77,5183.558571428572,-0.636,SL,2026-02-26 07:55:00,38.45,7,N/A,BOTH,1
XAUUSDm,BUY,2026-02-27 02:25:00,5184.213,5183.284785714286,-2.7859999999999996,SL,2026-02-27 02:30:00,47.22,6,N/A,BOTH,1
XAUUSDm,BUY,2026-02-27 04:15:00,5184.88,5181.187142857143,-11.086,SL,2026-02-27 04:55:00,49.08,6,N/A,BOTH,1
XAUUSDm,BUY,2026-02-27 06:50:00,5189.014,5188.424071428572,-1.776,SL,2026-02-27 06:55:00,44.56,6,N/A,BOTH,1
XAUUSDm,BUY,2026-03-03 01:45:00,5351.862,5350.8235,-3.126,SL,2026-03-03 01:50:00,45.38,6,N/A,BOTH,1
XAUUSDm,BUY,2026-03-03 02:00:00,5347.664,5347.165214285715,-1.506,SL,2026-03-03 02:05:00,44.45,6,N/A,BOTH,1
XAUUSDm,BUY,2026-03-03 02:15:00,5348.697,5353.769285714285,15.214,TP,2026-03-03 02:20:00,45.54,6,N/A,BOTH,1
XAUUSDm,BUY,2026-03-03 02:20:00,5353.761,5368.881571428572,45.354,TP,2026-03-03 03:00:00,49.68,6,N/A,BOTH,1
XAUUSDm,BUY,2026-03-03 04:10:00,5361.804,5371.395714285714,28.774,TP,2026-03-03 04:20:00,48.08,6,N/A,BOTH,2
XAUUSDm,BUY,2026-03-03 03:50:00,5362.286,5373.52357142857,33.704,TP,2026-03-03 04:25:00,49.27,6,N/A,BOTH,1
XAUUSDm,BUY,2026-03-05 03:55:00,5180.292,5178.713142857143,-4.746,SL,2026-03-05 04:00:00,47.09,6,N/A,BOTH,1
XAUUSDm,BUY,2026-03-05 06:30:00,5147.094,5147.01892857143,-0.23600000000000002,SL,2026-03-05 06:35:00,38.45,7,N/A,BOTH,1
XAUUSDm,BUY,2026-03-06 05:35:00,5121.453,5121.127428571429,-0.986,SL,2026-03-06 05:40:00,39.9,7,N/A,BOTH,1
XAUUSDm,BUY,2026-03-06 08:20:00,5110.17,5106.682785714286,-10.466000000000001,SL,2026-03-06 08:25:00,37.7,7,N/A,BOTH,1
XAUUSDm,BUY,2026-03-25 05:35:00,4559.054,4557.004,-6.156000000000001,SL,2026-03-25 05:40:00,37.4,7,UPTREND,BOTH,1
XAUUSDm,BUY,2026-03-25 05:55:00,4555.425,4554.280857142857,-3.436,SL,2026-03-25 06:00:00,37.44,7,UPTREND,BOTH,1
XAUUSDm,BUY,2026-03-27 01:05:00,4392.683,4401.677000000001,26.974,TP,2026-03-27 01:20:00,48.86,7,UPTREND,BOTH,1
XAUUSDm,BUY,2026-03-27 01:15:00,4391.459,4399.514857142857,24.164,TP,2026-03-27 01:20:00,47.91,7,UPTREND,BOTH,2
XAUUSDm,BUY,2026-03-27 07:15:00,4452.829,4453.522142857142,2.0740000000000003,TP,2026-03-27 07:20:00,46.93,7,UPTREND,BOTH,1
XAUUSDm,BUY,2026-03-27 07:20:00,4454.827,4454.327857142856,-1.506,SL,2026-03-27 07:25:00,49.18,7,UPTREND,BOTH,1
XAUUSDm,BUY,2026-03-27 07:35:00,4453.135,4453.096857142857,-0.116,SL,2026-03-27 07:40:00,47.87,7,UPTREND,BOTH,1
XAUUSDm,BUY,2026-04-06 07:30:00,4653.158,4663.548285714286,31.164,TP,2026-04-06 07:40:00,47.52,6,UPTREND,BOTH,1
XAUUSDm,BUY,2026-04-07 02:10:00,4626.549,4637.923142857143,34.114,TP,2026-04-07 02:30:00,33.75,6,UPTREND,BOTH,3
XAUUSDm,BUY,2026-04-07 02:00:00,4627.991,4648.813571428571,62.464,TP,2026-04-07 02:45:00,32.84,6,UPTREND,BOTH,1
XAUUSDm,BUY,2026-04-07 02:05:00,4631.412,4662.935000000001,94.564,TP,2026-04-07 04:40:00,36.75,6,UPTREND,BOTH,2
XAUUSDm,BUY,2026-04-23 01:20:00,4733.279,4726.585071428572,-20.086,SL,2026-04-23 01:30:00,47.65,7,DOWNTREND,BOTH,2
XAUUSDm,BUY,2026-04-23 01:15:00,4734.281,4724.335714285715,-29.846,SL,2026-04-23 01:50:00,48.65,7,DOWNTREND,BOTH,1
XAUUSDm,BUY,2026-04-23 05:40:00,4701.675,4709.55942857143,23.644,TP,2026-04-23 05:45:00,39.97,7,DOWNTREND,BOTH,1
XAUUSDm,BUY,2026-04-23 07:05:00,4709.984,4706.759571428572,-9.676,SL,2026-04-23 07:20:00,47.73,9,DOWNTREND,BOTH,1
XAUUSDm,BUY,2026-04-23 07:35:00,4709.417,4720.624285714285,33.614,TP,2026-04-23 08:00:00,48.29,9,DOWNTREND,BOTH,1
XAUUSDm,BUY,2026-04-24 01:25:00,4698.416,4693.597928571429,-14.456,SL,2026-04-24 01:30:00,47.8,9,DOWNTREND,BOTH,1
XAUUSDm,BUY,2026-04-24 01:45:00,4696.864,4691.303571428572,-16.686,SL,2026-04-24 02:10:00,47.91,9,DOWNTREND,BOTH,1
XAUUSDm,BUY,2026-04-24 01:50:00,4695.579,4691.235642857143,-13.036,SL,2026-04-24 02:10:00,46.62,9,DOWNTREND,BOTH,2
XAUUSDm,BUY,2026-04-24 02:00:00,4697.116,4690.9232142857145,-18.586,SL,2026-04-24 02:10:00,48.4,9,DOWNTREND,BOTH,3
XAUUSDm,BUY,2026-04-30 02:30:00,4567.82,4566.336571428571,-4.456,SL,2026-04-30 02:35:00,44.8,10,DOWNTREND,BOTH,1
XAUUSDm,BUY,2026-04-30 05:05:00,4552.473,4552.4295,-0.136,SL,2026-04-30 05:10:00,48.35,6,DOWNTREND,BOTH,1
XAUUSDm,BUY,2026-05-04 01:00:00,4601.163,4598.681714285714,-7.446000000000001,SL,2026-05-04 01:05:00,37.26,6,UPTREND,BOTH,1
